Data,Arquivo,Publicação,UF,Outras informações,Imagem,Onde está,Destaque,Tipo,Assunto,Complemento,Localização,Interesse,Outras informações
1972.05.15,Hemeroteca da Biblioteca Nacional,Diario da Noite : Edição Matutina,SP,Edição 14251,I0024927-2Alt=002885Lar=001884LargOri=004208AltOri=006444.JPG,"Teatro, 1o. parágrafo.",I0024927.png,Teatro,Romanceiro da Inconfidência,Texto de Cecília Meireles sobre a Inconfidência Mineira. Grupo teatral Repertório.,"Teatro Ruth Escobar, Sala Gil Vicente - Rua dos Ingleses, 209, Bela Vista, São Paulo, SP",Baixo,
1972.12.08,Hemeroteca da Biblioteca Nacional,Diario da Noite : Edição Matutina,SP,Edição 14429,I0020964-2Alt=003030Lar=001884LargOri=004202AltOri=006759.JPG,"Teatro, Elenco.",I0020964.png,Teatro,Morte e Vida Severina,Texto de João Cabral de Mello Netto. Grupo teatral A Barca.,Vários,Baixo,
1973.06.26,Acervo da Folha de S. Paulo,Folha de S. Paulo,SP,Caderno Ilustrada,4400670.png,"Música, Grupo Raízes",4400670h.png,Show,Grupo Raízes,,"Teatro Treze de Maio – Rua Treze de Maio, 134, Bela Vista, São Paulo, SP",Baixo,
1974.03.01,Hemeroteca da Biblioteca Nacional,Diario da Tarde,PR,Edição 22175,I0129820-2Alt=002068Lar=001453LargOri=004117AltOri=005860.JPG,"Utilidades, Peça no Guaira",I0129820.png,Teatro,Três dias para Donana,,"Teatro Guaíra - Rua XV de Novembro, 971, Centro, Curitiba, PR",Baixo,
1974.03.05,Hemeroteca da Biblioteca Nacional,Diario da Tarde,PR,Edição 22179,I0129852-20Alt=002633Lar=001884LargOri=004196AltOri=005864.JPG,"Atrações, Teatro.",I0129852.png,Teatro,Três dias para Donana,,"Teatro Guaíra - Rua XV de Novembro, 971, Centro, Curitiba, PR",Baixo,
1974.03.06,Hemeroteca da Biblioteca Nacional,Diario da Tarde,PR,Edição 22180A,I0129862-2Alt=002629Lar=001884LargOri=004200AltOri=005860.JPG,"Utilidades, “O tratado das tortazinhas”.",I0129862.png,Teatro,O Tratado das Tortazinhas,,"Teatro Guaíra - Rua XV de Novembro, 971, Centro, Curitiba, PR",Baixo,
1974.03.07,Hemeroteca da Biblioteca Nacional,Diario da Tarde,PR,Edição 22180B,I0129870-2Alt=002629Lar=001884LargOri=004200AltOri=005860.JPG,"Atrações, Teatro.",I0129870.png,Teatro,Três dias para Donana,Estreia,"Teatro Guaíra - Rua XV de Novembro, 971, Centro, Curitiba, PR",Baixo,
1974.03.07,Hemeroteca da Biblioteca Nacional,Diário do Paraná: Orgao dos Diários Associados,PR,Edição 05604,I0096763-20Alt=002572Lar=001884LargOri=004487AltOri=006126.JPG,Donana inicia no Guairinha,I0096763.png,Teatro,Três dias para Donana,Estreia,"Teatro Guaíra - Rua XV de Novembro, 971, Centro, Curitiba, PR",Baixo,
1974.03.09,Hemeroteca da Biblioteca Nacional,Diário do Paraná: Orgao dos Diários Associados,PR,Edição 05606,I0096800-2Alt=002572Lar=001884LargOri=004487AltOri=006126.JPG,"Teatros, Guaira.",I0096800.png,Teatro,Três dias para Donana,,"Teatro Guaíra - Rua XV de Novembro, 971, Centro, Curitiba, PR",Baixo,
1974.03.10,Hemeroteca da Biblioteca Nacional,Diário do Paraná: Orgao dos Diários Associados,PR,Edição 05607,I0096820-2Alt=002576Lar=001884LargOri=004482AltOri=006129.JPG,"O bom teatro, Guaira.",I0096820.png,Teatro,Três dias para Donana e O tratado das tortazinhas,,"Teatro Guaíra - Rua XV de Novembro, 971, Centro, Curitiba, PR",Baixo,
1974.03.14,Hemeroteca da Biblioteca Nacional,Diário do Paraná: Orgao dos Diários Associados,PR,Edição 05610,I0096876-2Alt=002572Lar=001884LargOri=004487AltOri=006126.JPG,"O bom teatro, Guaira.",I0096876.png,Teatro,Três dias para Donana e O tratado das tortazinhas,,"Teatro Guaíra - Rua XV de Novembro, 971, Centro, Curitiba, PR",Baixo,
1974.03.17,Hemeroteca da Biblioteca Nacional,Diário do Paraná: Orgao dos Diários Associados,PR,Edição 05613,I0096924-2Alt=002570Lar=001884LargOri=004468AltOri=006096.JPG,"O bom teatro, Guaira.",I0096924.png,Teatro,Três dias para Donana e O tratado das tortazinhas,,"Teatro Guaíra - Rua XV de Novembro, 971, Centro, Curitiba, PR",Baixo,
1974.03.18,Hemeroteca da Biblioteca Nacional,Diario da Tarde,PR,Edição 22191,I0129958-2Alt=002624Lar=001884LargOri=004200AltOri=005849.JPG,"Atrações, Teatro.",I0129958.png,Teatro,Três dias para Donana,,"Teatro Guaíra - Rua XV de Novembro, 971, Centro, Curitiba, PR",Baixo,
1974.03.21,Hemeroteca da Biblioteca Nacional,Diário do Paraná: Orgao dos Diários Associados,PR,Edição 05616,I0096980-2Alt=002561Lar=001884LargOri=004483AltOri=006093.JPG,"O bom teatro, Guaira.",I0096980.png,Teatro,Três dias para Donana e O tratado das tortazinhas,,"Teatro Guaíra - Rua XV de Novembro, 971, Centro, Curitiba, PR",Baixo,
1974.06.09,Hemeroteca da Biblioteca Nacional,Jornal do Brasil,RJ,Edição 00062 (1),I0106094-20Alt=002777Lar=001884LargOri=004507AltOri=006644.JPG,"Noites cariocas X paulista, último parágrafo, Pini e Irene",I0106094.png,Show,"Sou João, Sou António e Sou Pedro",Músicas por Pini e Irene,,Baixo,
1975.06.07,Acervo da Folha de S. Paulo,Folha de S. Paulo,SP,Caderno Ilustrada,4350387.png,"Roteiro, Infantis, último item",4350387h.png,Teatro,O Mais Belo dos Paraísos,"Coreografia de Luis Carlos Nogueira, 1o tipo do anuncio","Sala do Meio, Teatro Ruth Escobar - Rua dos Ingleses, 209, Bela Vista, São Paulo, SP",Baixo,
1975.06.08,Acervo da Folha de S. Paulo,Folha de S. Paulo,SP,Caderno Ilustrada,4350607.png,"Roteiro, Infantis, penúltimo item da 1a coluna",4350607h.png,Teatro,O Mais Belo dos Paraísos,Coreografia de Luis Carlos Nogueira,"Sala do Meio, Teatro Ruth Escobar - Rua dos Ingleses, 209, Bela Vista, São Paulo, SP",Baixo,
1975.06.14,Acervo da Folha de S. Paulo,Folha de S. Paulo,SP,Caderno Ilustrada,4351532.png,"Roteiro, Infantis, antepenúltimo item",4351532h.png,Teatro,O Mais Belo dos Paraísos,Coreografia de Luis Carlos Nogueira,"Sala do Meio, Teatro Ruth Escobar - Rua dos Ingleses, 209, Bela Vista, São Paulo, SP",Baixo,
1975.06.15,Acervo da Folha de S. Paulo,Folha de S. Paulo,SP,Caderno Primeiro Caderno,4351730.png,"Roteiro, Infantis, penúltimo item",4351730h.png,Teatro,O Mais Belo dos Paraísos,Coreografia de Luis Carlos Nogueira,"Sala do Meio, Teatro Ruth Escobar - Rua dos Ingleses, 209, Bela Vista, São Paulo, SP",Baixo,
1975.06.21,Acervo da Folha de S. Paulo,Folha de S. Paulo,SP,Caderno Ilustrada,4402266.png,"Roteiro, Infantis, penúltimo item",4402266h.png,Teatro,O Mais Belo dos Paraísos,Coreografia de Luis Carlos Nogueira,"Sala do Meio, Teatro Ruth Escobar - Rua dos Ingleses, 209, Bela Vista, São Paulo, SP",Baixo,
1975.06.22,Acervo da Folha de S. Paulo,Folha de S. Paulo,SP,Caderno Ilustrada,4402657.png,"Roteiro, Infantis, penúltimo item",4402657h.png,Teatro,O Mais Belo dos Paraísos,Coreografia de Luis Carlos Nogueira,"Sala do Meio, Teatro Ruth Escobar - Rua dos Ingleses, 209, Bela Vista, São Paulo, SP",Baixo,
1975.06.28,Acervo da Folha de S. Paulo,Folha de S. Paulo,SP,Caderno Primeiro Caderno,4404140.png,"Terceira coluna geral, antepenultimo item",4404140h.png,Teatro,O Mais Belo dos Paraísos,Coreografia de Luis Carlos Nogueira,"Sala do Meio, Teatro Ruth Escobar - Rua dos Ingleses, 209, Bela Vista, São Paulo, SP",Baixo,
1975.06.29,Acervo da Folha de S. Paulo,Folha de S. Paulo,SP,Caderno Ilustrada,4404570.png,"Segunda coluna geral, penultimo item",4404570h.png,Teatro,O Mais Belo dos Paraísos,Coreografia de Luis Carlos Nogueira,"Sala do Meio, Teatro Ruth Escobar - Rua dos Ingleses, 209, Bela Vista, São Paulo, SP",Baixo,
1975.07.05,Acervo da Folha de S. Paulo,Folha de S. Paulo,SP,Caderno Ilustrada,4354612.png,"Terceira coluna geral, antepenultimo item",4354612h.png,Teatro,O Mais Belo dos Paraísos,Coreografia de Luis Carlos Nogueira,"Sala do Meio, Teatro Ruth Escobar - Rua dos Ingleses, 209, Bela Vista, São Paulo, SP",Baixo,
1975.07.06,Acervo da Folha de S. Paulo,Folha de S. Paulo,SP,Caderno Ilustrada,4355374.png,"Terceira coluna geral, antepenultimo item",4355374h.png,Teatro,O Mais Belo dos Paraísos,Coreografia de Luis Carlos Nogueira,"Sala do Meio, Teatro Ruth Escobar - Rua dos Ingleses, 209, Bela Vista, São Paulo, SP",Baixo,
1975.08.23,Acervo da Folha de S. Paulo,Folha de S. Paulo,SP,Caderno Primeiro Caderno,4407629.png,"Roteiro, Infantis, segundo item",4407629h.png,Teatro,O Mais Belo dos Paraísos,2o tipo do anuncio,"Teatro Itália – Av. São Luís, 50, República, São Paulo, SP",Baixo,
1975.08.24,Acervo da Folha de S. Paulo,Folha de S. Paulo,SP,Caderno Primeiro Caderno,4407964.png,"Roteiro, Infantis, segundo item",4407964h.png,Teatro,O Mais Belo dos Paraísos,2o tipo do anuncio,"Teatro Itália – Av. São Luís, 50, República, São Paulo, SP",Baixo,
1975.08.30,Acervo da Folha de S. Paulo,Folha de S. Paulo,SP,Caderno Primeiro Caderno,4409568.png,"Roteiro, Infantis, segundo item",4409568h.png,Teatro,O Mais Belo dos Paraísos,2o tipo do anuncio,"Teatro Itália – Av. São Luís, 50, República, São Paulo, SP",Baixo,
1975.08.31,Acervo da Folha de S. Paulo,Folha de S. Paulo,SP,Caderno Primeiro Caderno,4409803.png,"Roteiro, Infantis, terceiro item",4409803h.png,Teatro,O Mais Belo dos Paraísos,2o tipo do anuncio,"Teatro Itália – Av. São Luís, 50, República, São Paulo, SP",Baixo,
1975.09.06,Acervo da Folha de S. Paulo,Folha de S. Paulo,SP,Caderno Ilustrada,4369845.png,"Roteiro, Infantis, segundo item",4369845h.png,Teatro,O Mais Belo dos Paraísos,2o tipo do anuncio,"Teatro Itália – Av. São Luís, 50, República, São Paulo, SP",Baixo,
1975.09.07,Acervo da Folha de S. Paulo,Folha de S. Paulo,SP,Caderno Ilustrada,4370378.png,"Roteiro, Infantis, segundo item",4370378h.png,Teatro,O Mais Belo dos Paraísos,2o tipo do anuncio,"Teatro Itália – Av. São Luís, 50, República, São Paulo, SP",Baixo,
1975.09.13,Acervo da Folha de S. Paulo,Folha de S. Paulo,SP,Caderno Ilustrada,4372492.png,"Roteiro, Infantis, segundo item",4372492h.png,Teatro,O Mais Belo dos Paraísos,2o tipo do anuncio,"Teatro Itália – Av. São Luís, 50, República, São Paulo, SP",Baixo,
1975.09.14,Acervo da Folha de S. Paulo,Folha de S. Paulo,SP,Caderno Ilustrada,4373096.png,"Roteiro, Infantis, segundo item",4373096h.png,Teatro,O Mais Belo dos Paraísos,2o tipo do anuncio,"Teatro Itália – Av. São Luís, 50, República, São Paulo, SP",Baixo,
1975.09.20,Acervo da Folha de S. Paulo,Folha de S. Paulo,SP,Caderno Ilustrada,4406679.png,"Roteiro, Infantis, terceiro item",4406679h.png,Teatro,O Mais Belo dos Paraísos,2o tipo do anuncio,"Teatro Itália – Av. São Luís, 50, República, São Paulo, SP",Baixo,
1975.09.27,Acervo da Folha de S. Paulo,Folha de S. Paulo,SP,Caderno Ilustrada,4408808.png,"Terceira coluna geral, primeiro item",4408808h.png,Teatro,O Mais Belo dos Paraísos,2o tipo do anuncio,"Teatro Itália – Av. São Luís, 50, República, São Paulo, SP",Baixo,
1975.09.28,Acervo da Folha de S. Paulo,Folha de S. Paulo,SP,Caderno Ilustrada,4409219.png,"Roteiro, Infantis, antepenultimo item",4409219h.png,Teatro,O Mais Belo dos Paraísos,2o tipo do anuncio,"Teatro Itália – Av. São Luís, 50, República, São Paulo, SP",Baixo,
1975.10.04,Acervo da Folha de S. Paulo,Folha de S. Paulo,SP,Caderno Ilustrada,4376988.png,"Roteiro, Infantis, penultimo item",4376988h.png,Teatro,O Mais Belo dos Paraísos,2o tipo do anuncio,"Teatro Itália – Av. São Luís, 50, República, São Paulo, SP",Baixo,
1975.10.05,Acervo da Folha de S. Paulo,Folha de S. Paulo,SP,Caderno Ilustrada,4377280.png,"Roteiro, Infantis, antepenultimo item",4377280h.png,Teatro,O Mais Belo dos Paraísos,2o tipo do anuncio,"Teatro Itália – Av. São Luís, 50, República, São Paulo, SP",Baixo,
1975.10.11,Acervo da Folha de S. Paulo,Folha de S. Paulo,SP,Caderno Ilustrada,4378371.png,"Roteiro, Infantis, quarto item",4378371h.png,Teatro,O Mais Belo dos Paraísos,2o tipo do anuncio,"Teatro Itália – Av. São Luís, 50, República, São Paulo, SP",Baixo,
1975.10.12,Acervo da Folha de S. Paulo,Folha de S. Paulo,SP,Caderno Ilustrada,4378681.png,"Roteiro, Infantis, penultimo item",4378681h.png,Teatro,O Mais Belo dos Paraísos,2o tipo do anuncio,"Teatro Itália – Av. São Luís, 50, República, São Paulo, SP",Baixo,
1975.10.18,Acervo da Folha de S. Paulo,Folha de S. Paulo,SP,Caderno Primeiro Caderno,4632136.png,"Roteiro, Infantis, penultimo item",4632136h.png,Teatro,O Mais Belo dos Paraísos,2o tipo do anuncio,"Teatro Itália – Av. São Luís, 50, República, São Paulo, SP",Baixo,
1975.10.19,Acervo da Folha de S. Paulo,Folha de S. Paulo,SP,Caderno Ilustrada,4632505.png,"Roteiro, Infantis, quinto item",4632505h.png,Teatro,O Mais Belo dos Paraísos,2o tipo do anuncio,"Teatro Itália – Av. São Luís, 50, República, São Paulo, SP",Baixo,
1975.10.25,Acervo da Folha de S. Paulo,Folha de S. Paulo,SP,Caderno Ilustrada,4633975.png,"Roteiro, Infantis, terceiro item",4633975h.png,Teatro,O Mais Belo dos Paraísos,2o tipo do anuncio,"Teatro Itália – Av. São Luís, 50, República, São Paulo, SP",Baixo,
1975.10.26,Acervo da Folha de S. Paulo,Folha de S. Paulo,SP,Caderno Ilustrada,4634327.png,"Roteiro, Infantis, terceiro item",4634327h.png,Teatro,O Mais Belo dos Paraísos,2o tipo do anuncio,"Teatro Itália – Av. São Luís, 50, República, São Paulo, SP",Baixo,
1975.11.01,Acervo da Folha de S. Paulo,Folha de S. Paulo,SP,Caderno Ilustrada,4380534.png,"Roteiro, Infantis, quarto item",4380534h.png,Teatro,O Mais Belo dos Paraísos,2o tipo do anuncio,"Teatro Itália – Av. São Luís, 50, República, São Paulo, SP",Baixo,
1975.11.02,Acervo da Folha de S. Paulo,Folha de S. Paulo,SP,Caderno Ilustrada,4380843.png,"Roteiro, Infantis, quarto item",4380843h.png,Teatro,O Mais Belo dos Paraísos,2o tipo do anuncio,"Teatro Itália – Av. São Luís, 50, República, São Paulo, SP",Baixo,
1975.11.09,Acervo da Folha de S. Paulo,Folha de S. Paulo,SP,Caderno Ilustrada,4382537.png,"Roteiro, Infantis, quinto item",4382537h.png,Teatro,O Mais Belo dos Paraísos,2o tipo do anuncio,"Teatro Itália – Av. São Luís, 50, República, São Paulo, SP",Baixo,
1975.11.15,Acervo da Folha de S. Paulo,Folha de S. Paulo,SP,Caderno Ilustrada,4383935.png,"Teatro, Infantis, segunda coluna, terceiro item",4383935h.png,Teatro,O Mais Belo dos Paraísos,2o tipo do anuncio,"Teatro Itália – Av. São Luís, 50, República, São Paulo, SP",Baixo,
1975.11.16,Acervo da Folha de S. Paulo,Folha de S. Paulo,SP,Caderno Primeiro Caderno,4406070.png,"Teatro, Infantis, segunda coluna, terceiro item",4406070h.png,Teatro,O Mais Belo dos Paraísos,2o tipo do anuncio,"Teatro Itália – Av. São Luís, 50, República, São Paulo, SP",Baixo,
1975.11.22,Acervo da Folha de S. Paulo,Folha de S. Paulo,SP,Caderno Primeiro Caderno,4408258.png,"Teatro, Infantis, segunda coluna, segundo item",4408258h.png,Teatro,O Mais Belo dos Paraísos,2o tipo do anuncio,"Teatro Itália – Av. São Luís, 50, República, São Paulo, SP",Baixo,
1975.11.23,Acervo da Folha de S. Paulo,Folha de S. Paulo,SP,Caderno Primeiro Caderno,4408902.png,"Teatro, Infantis, segunda coluna, segundo item",4408902h.png,Teatro,O Mais Belo dos Paraísos,2o tipo do anuncio,"Teatro Itália – Av. São Luís, 50, República, São Paulo, SP",Baixo,
1975.11.29,Acervo da Folha de S. Paulo,Folha de S. Paulo,SP,Caderno Primeiro Caderno,4410025.png,"Teatro, Infantis, segunda coluna, antepenultimo item",4410025h.png,Teatro,O Mais Belo dos Paraísos,2o tipo do anuncio,"Teatro Itália – Av. São Luís, 50, República, São Paulo, SP",Baixo,
1975.12.06,Acervo da Folha de S. Paulo,Folha de S. Paulo,SP,Caderno Ilustrada,4387111.png,"Terceira coluna geral, segundo item",4387111h.png,Teatro,O Mais Belo dos Paraísos,2o tipo do anuncio,"Teatro Itália – Av. São Luís, 50, República, São Paulo, SP",Baixo,
1975.12.07,Acervo da Folha de S. Paulo,Folha de S. Paulo,SP,Caderno Ilustrada,4387510.png,"Terceira coluna geral, primeiro item",4387510h.png,Teatro,O Mais Belo dos Paraísos,2o tipo do anuncio,"Teatro Itália – Av. São Luís, 50, República, São Paulo, SP",Baixo,
1975.12.13,Acervo da Folha de S. Paulo,Folha de S. Paulo,SP,Caderno Ilustrada,4388860.png,"Teatro, Infantis, sexto item",4388860h.png,Teatro,O Mais Belo dos Paraísos,2o tipo do anuncio,"Teatro Itália – Av. São Luís, 50, República, São Paulo, SP",Baixo,
1975.12.20,Acervo da Folha de S. Paulo,Folha de S. Paulo,SP,Caderno Primeiro Caderno,4411435.png,"Teatro, Infantis, sexto item",4411435h.png,Teatro,O Mais Belo dos Paraísos,2o tipo do anuncio,"Teatro Itália – Av. São Luís, 50, República, São Paulo, SP",Baixo,
1975.12.27,Acervo da Folha de S. Paulo,Folha de S. Paulo,SP,Caderno Primeiro Caderno,4413029.png,"Teatro, Infantis, quinto item",4413029h.png,Teatro,O Mais Belo dos Paraísos,2o tipo do anuncio,"Teatro Itália – Av. São Luís, 50, República, São Paulo, SP",Baixo,
1975.12.28,Acervo da Folha de S. Paulo,Folha de S. Paulo,SP,Caderno Primeiro Caderno,4413250.png,"Teatro, Infantis, quinto item",4413250h.png,Teatro,O Mais Belo dos Paraísos,2o tipo do anuncio,"Teatro Itália – Av. São Luís, 50, República, São Paulo, SP",Baixo,
1976.01.03,Acervo da Folha de S. Paulo,Folha de S. Paulo,SP,Caderno Ilustrada,4220690.png,"Teatro, Infantis, segunda coluna, primeiro item",4220690h.png,Teatro,O Mais Belo dos Paraísos,2o tipo do anuncio,"Teatro Itália – Av. São Luís, 50, República, São Paulo, SP",Baixo,
1976.01.04,Acervo da Folha de S. Paulo,Folha de S. Paulo,SP,Caderno Ilustrada,4221224.png,"Teatro, Infantis, antepenultimo item",4221224h.png,Teatro,O Mais Belo dos Paraísos,2o tipo do anuncio,"Teatro Itália – Av. São Luís, 50, República, São Paulo, SP",Baixo,
1976.01.10,Acervo da Folha de S. Paulo,Folha de S. Paulo,SP,Caderno Ilustrada,4223859.png,"Teatro, Infantis, segunda coluna, quarto item",4223859h.png,Teatro,O Mais Belo dos Paraísos,2o tipo do anuncio,"Teatro Itália – Av. São Luís, 50, República, São Paulo, SP",Baixo,
1976.01.11,Acervo da Folha de S. Paulo,Folha de S. Paulo,SP,Caderno Ilustrada,4224558.png,"Teatro, Infantis, quinto item",4224558h.png,Teatro,O Mais Belo dos Paraísos,2o tipo do anuncio,"Teatro Itália – Av. São Luís, 50, República, São Paulo, SP",Baixo,
1976.03.20,Acervo da Folha de S. Paulo,Folha de S. Paulo,SP,Caderno Primeiro Caderno,4275209.png,"Teatro, Infantis, primeiro item",4275209h.png,Teatro,O Mais Belo dos Paraísos,3o tipo do anuncio,"Teatro Treze de Maio – Rua Treze de Maio, 134, Bela Vista, São Paulo, SP",Baixo,
1976.03.21,Acervo da Folha de S. Paulo,Folha de S. Paulo,SP,Caderno Primeiro Caderno,4275786.png,"Teatro, Infantis, primeiro item",4275786h.png,Teatro,O Mais Belo dos Paraísos,3o tipo do anuncio,"Teatro Treze de Maio – Rua Treze de Maio, 134, Bela Vista, São Paulo, SP",Baixo,
1976.03.28,Acervo da Folha de S. Paulo,Folha de S. Paulo,SP,Caderno Primeiro Caderno,4278734.png,"Teatro, Infantis, primeiro item",4278734h.png,Teatro,O Mais Belo dos Paraísos,3o tipo do anuncio,"Teatro Treze de Maio – Rua Treze de Maio, 134, Bela Vista, São Paulo, SP",Baixo,
1976.04.03,Acervo da Folha de S. Paulo,Folha de S. Paulo,SP,Caderno Ilustrada,4235400.png,"Teatro, Infantis, segundo item",4235400h.png,Teatro,O Mais Belo dos Paraísos,3o tipo do anuncio,"Teatro Treze de Maio – Rua Treze de Maio, 134, Bela Vista, São Paulo, SP",Baixo,
1976.04.04,Acervo da Folha de S. Paulo,Folha de S. Paulo,SP,Caderno Ilustrada,4235695.png,"Teatro, Infantis, segundo item",4235695h.png,Teatro,O Mais Belo dos Paraísos,3o tipo do anuncio,"Teatro Treze de Maio – Rua Treze de Maio, 134, Bela Vista, São Paulo, SP",Baixo,
1976.04.10,Acervo da Folha de S. Paulo,Folha de S. Paulo,SP,Caderno Ilustrada,4236997.png,"Teatro, Infantis, terceiro item",4236997h.png,Teatro,O Mais Belo dos Paraísos,3o tipo do anuncio,"Teatro Treze de Maio – Rua Treze de Maio, 134, Bela Vista, São Paulo, SP",Baixo,
1976.04.11,Acervo da Folha de S. Paulo,Folha de S. Paulo,SP,Caderno Ilustrada,4237312.png,"Teatro, Infantis, segunda coluna, primeiro item",4237312h.png,Teatro,O Mais Belo dos Paraísos,3o tipo do anuncio,"Teatro Treze de Maio – Rua Treze de Maio, 134, Bela Vista, São Paulo, SP",Baixo,
1976.04.17,Acervo da Folha de S. Paulo,Folha de S. Paulo,SP,Caderno Ilustrada,4280072.png,"Teatro, Infantis, segunda coluna, primeiro item",4280072h.png,Teatro,O Mais Belo dos Paraísos,3o tipo do anuncio,"Teatro Treze de Maio – Rua Treze de Maio, 134, Bela Vista, São Paulo, SP",Baixo,
1976.04.24,Acervo da Folha de S. Paulo,Folha de S. Paulo,SP,Caderno Ilustrada,4281856.png,"Teatro, Infantis, segunda coluna, quarto item",4281856h.png,Teatro,O Mais Belo dos Paraísos,3o tipo do anuncio,"Teatro Treze de Maio – Rua Treze de Maio, 134, Bela Vista, São Paulo, SP",Baixo,
1976.04.25,Acervo da Folha de S. Paulo,Folha de S. Paulo,SP,Caderno Ilustrada,4282235.png,"Teatro, Infantis, segunda coluna, terceiro item",4282235h.png,Teatro,O Mais Belo dos Paraísos,3o tipo do anuncio,"Teatro Treze de Maio – Rua Treze de Maio, 134, Bela Vista, São Paulo, SP",Baixo,
1976.05.01,Acervo da Folha de S. Paulo,Folha de S. Paulo,SP,Caderno Ilustrada,4239045.png,"Teatro, Infantis, segunda coluna, segundo item",4239045h.png,Teatro,O Mais Belo dos Paraísos,3o tipo do anuncio,"Teatro Treze de Maio – Rua Treze de Maio, 134, Bela Vista, São Paulo, SP",Baixo,
1976.05.02,Acervo da Folha de S. Paulo,Folha de S. Paulo,SP,Caderno Ilustrada,4239168.png,"Teatro, Infantis, segunda coluna, primeiro item",4239168h.png,Teatro,O Mais Belo dos Paraísos,3o tipo do anuncio,"Teatro Treze de Maio – Rua Treze de Maio, 134, Bela Vista, São Paulo, SP",Baixo,
1977.05.24,Acervo da Folha de S. Paulo,Folha de S. Paulo,SP,Caderno Ilustrada,4317199.png,"Acontece, Música, Festança",4317199h.png,Show,Movimento Ensaio na Praça,Grupo Lwalaba e outros,"Teatro da Praça – Rua Apa, 298, Campos Elíseos, São Paulo, SP",Baixo,
1977.05.30,Acervo da Folha de S. Paulo,Folha de S. Paulo,SP,Caderno Ilustrada,4318401.png,"No chorinho, os Encontros Nacional e Paulista",4318401h.png,Show,Movimento Ensaio na Praça,Grupo Lwalaba (foto) e outros,,Médio,
1977.05.31,Acervo da Folha de S. Paulo,Folha de S. Paulo,SP,Caderno Ilustrada,4318583.png,"Acontece, Música, Festança",4318583h.png,Show,Movimento Ensaio na Praça,Grupo Lwalaba e Eliane Estevão,,Baixo,
1977.09.09,Acervo da Folha de S. Paulo,Folha de S. Paulo,SP,Caderno Ilustrada,4261956.png,"Para quem vai sair, África e Nordeste numa Festança à meia-noite",4261956h.png,Show,Movimento Ensaio na Praça,Grupo Lwalaba e Eliane Estevão,,Médio,
1977.10.01,Acervo da Folha de S. Paulo,Folha de S. Paulo,SP,Caderno Ilustrada,4264101.png,"Sexta linha, terceira coluna",4264101h.png,Teatro,Pulando Corda,Anúncio.,"Teatro João Caetano – Rua Borges Lagoa, 650, Vila Clementino, São Paulo, SP",Baixo,
1977.11.05,Acervo da Folha de S. Paulo,Folha de S. Paulo,SP,Caderno Primeiro Caderno,4266939.png,"Teatro, segunda coluna, “Pulando Corda” em outro teatro",4266939h.png,Teatro,Pulando Corda,Selma Egrei,"Teatro Oficina – Rua Jaceguai, 520, Bixiga, São Paulo, SP",Médio,
1977.12.22,Acervo da Folha de S. Paulo,Folha de S. Paulo,SP,Caderno Primeiro Caderno,4329960.png,"“Sem Retoque”, a peça da meia-noite",4329960h.png,Teatro,Sem Retoque,Breve descrição da peça (foto),"Teatro de Arena Eugênio Kusnet – Rua Doutor Teodoro Baima, 94, Vila Buarque, São Paulo, SP",Baixo,
1977.12.23,Acervo da Folha de S. Paulo,Folha de S. Paulo,SP,Caderno Primeiro Caderno,4330110.png,"À meia-noite a verdade, “Sem Retoque”",4330110h.png,Teatro,Sem Retoque,Breve descrição da peça (foto),"Teatro de Arena Eugênio Kusnet – Rua Doutor Teodoro Baima, 94, Vila Buarque, São Paulo, SP",Médio,
1978.03.21,Acervo da Folha de S. Paulo,Folha de S. Paulo,SP,Caderno Ilustrada,4281204.png,“Missa do Vaqueiro” inaugura teatro,4281204h.png,Teatro,Missa do Vaqueiro,Inauguração do espaço,"Auditório MEC-Funarte – Alameda Nothmann, 1058, Campos Elísios, São Paulo, SP",Baixo,
1978.03.29,Acervo da Folha de S. Paulo,Folha de S. Paulo,SP,Caderno Ilustrada,4282766.png,A missa do vaqueiro transformada em peça,4282766h.png,Teatro,Missa do Vaqueiro,Bela reportagem sobre a peça (foto com Irene),"Auditório MEC-Funarte – Alameda Nothmann, 1058, Campos Elísios, São Paulo, SP",Alto,
1978.04.01,Acervo da Folha de S. Paulo,Folha de S. Paulo,SP,Caderno Ilustrada,4235021.png,"Rezas de Sol para a Missa do Vaqueiro, sétima linha, primeira coluna",4235021h.png,Teatro,Missa do Vaqueiro,Propaganda,"Auditório MEC-Funarte – Alameda Nothmann, 1058, Campos Elísios, São Paulo, SP",Baixo,
1978.04.04,Acervo da Folha de S. Paulo,Folha de S. Paulo,SP,Caderno Ilustrada,4235845.png,"Rezas de Sol para a Missa do Vaqueiro, primeira linha, primeira coluna",4235845h.png,Teatro,Missa do Vaqueiro,Propaganda,"Auditório MEC-Funarte – Alameda Nothmann, 1058, Campos Elísios, São Paulo, SP",Baixo,
1978.04.05,Acervo da Folha de S. Paulo,Folha de S. Paulo,SP,Caderno Ilustrada,4236046.png,"Rezas de Sol para a Missa do Vaqueiro, primeira linha, segunda coluna",4236046h.png,Teatro,Missa do Vaqueiro,Propaganda,"Auditório MEC-Funarte – Alameda Nothmann, 1058, Campos Elísios, São Paulo, SP",Baixo,
1978.04.07,Acervo da Folha de S. Paulo,Folha de S. Paulo,SP,Caderno Ilustrada,4236488.png,"Teatro, Rezas de Sol para a Missa do Vaqueiro, em cima da imagem “Quebrada!”",4236488h.png,Teatro,Missa do Vaqueiro,,"Auditório MEC-Funarte – Alameda Nothmann, 1058, Campos Elísios, São Paulo, SP",Baixo,
1978.04.07,Acervo da Folha de S. Paulo,Folha de S. Paulo,SP,Caderno Ilustrada,4236505.png,"Rezas de Sol para a Missa do Vaqueiro, setima linha, segunda coluna",4236505h.png,Teatro,Missa do Vaqueiro,Propaganda,"Auditório MEC-Funarte – Alameda Nothmann, 1058, Campos Elísios, São Paulo, SP",Baixo,
1978.04.13,Acervo da Folha de S. Paulo,Folha de S. Paulo,SP,Caderno Ilustrada,4237908.png,"Teatro, Rezas de Sol para a Missa do Vaqueiro, em cima da imagem “O Ultimo”",4237908h.png,Teatro,Missa do Vaqueiro,,"Auditório MEC-Funarte – Alameda Nothmann, 1058, Campos Elísios, São Paulo, SP",Baixo,
1978.04.16,Acervo da Folha de S. Paulo,Folha de S. Paulo,SP,Caderno Primeiro Caderno,4306754.png,"Rezas de Sol para a Missa do Vaqueiro, quarta linha, terceira coluna",4306754h.png,Teatro,Missa do Vaqueiro,Propaganda,"Auditório MEC-Funarte – Alameda Nothmann, 1058, Campos Elísios, São Paulo, SP",Baixo,
1978.04.21,Acervo da Folha de S. Paulo,Folha de S. Paulo,SP,Caderno Primeiro Caderno,4308822.png,"Rezas de Sol para a Missa do Vaqueiro, quarta linha, segunda coluna",4308822h.png,Teatro,Missa do Vaqueiro,Propaganda,"Auditório MEC-Funarte – Alameda Nothmann, 1058, Campos Elísios, São Paulo, SP",Baixo,
1978.04.27,Acervo da Folha de S. Paulo,Folha de S. Paulo,SP,Caderno Primeiro Caderno,4311244.png,Rezas de Sol para a Missa do Vaqueiro,4311244h.png,Teatro,Missa do Vaqueiro,Propaganda,"Auditório MEC-Funarte – Alameda Nothmann, 1058, Campos Elísios, São Paulo, SP",Baixo,
1978.04.30,Acervo da Folha de S. Paulo,Folha de S. Paulo,SP,Caderno Primeiro Caderno,4312446.png,Rezas de Sol para a Missa do Vaqueiro,4312446h.png,Teatro,Missa do Vaqueiro,Propaganda,"Auditório MEC-Funarte – Alameda Nothmann, 1058, Campos Elísios, São Paulo, SP",Baixo,
1978.05.05,Hemeroteca da Biblioteca Nacional,Jornal do Brasil,RJ,Edição 00027 (1),I0179512-20Alt=002777Lar=001884LargOri=004463AltOri=006581.JPG,"Teatro, Rezas de sol para a missa do vaqueiro",I0179512.png,Teatro,Missa do Vaqueiro,,"Auditório MEC-Funarte – Alameda Nothmann, 1058, Campos Elísios, São Paulo, SP",Baixo,
1978.05.07,Acervo da Folha de S. Paulo,Folha de S. Paulo,SP,Caderno Ilustrada,4241229.png,Rezas de Sol para a Missa do Vaqueiro,4241229h.png,Teatro,Missa do Vaqueiro,Propaganda,"Auditório MEC-Funarte – Alameda Nothmann, 1058, Campos Elísios, São Paulo, SP",Baixo,
1978.05.10,Acervo da Folha de S. Paulo,Folha de S. Paulo,SP,Caderno Ilustrada,4241540.png,Rezas de Sol para a Missa do Vaqueiro,4241540h.png,Teatro,Missa do Vaqueiro,Propaganda,"Auditório MEC-Funarte – Alameda Nothmann, 1058, Campos Elísios, São Paulo, SP",Baixo,
1978.05.13,Acervo da Folha de S. Paulo,Folha de S. Paulo,SP,Caderno Ilustrada,4241848.png,Rezas de Sol para a Missa do Vaqueiro,4241848h.png,Teatro,Missa do Vaqueiro,Propaganda,"Auditório MEC-Funarte – Alameda Nothmann, 1058, Campos Elísios, São Paulo, SP",Baixo,
1978.05.18,Acervo da Folha de S. Paulo,Folha de S. Paulo,SP,Caderno Ilustrada,4316296.png,Rezas de Sol para a Missa do Vaqueiro,4316296h.png,Teatro,Missa do Vaqueiro,Propaganda,"Auditório MEC-Funarte – Alameda Nothmann, 1058, Campos Elísios, São Paulo, SP",Baixo,
1978.05.19,Acervo da Folha de S. Paulo,Folha de S. Paulo,SP,Caderno Ilustrada,4316499.png,Rezas de Sol para a Missa do Vaqueiro,4316499h.png,Teatro,Missa do Vaqueiro,Propaganda,"Auditório MEC-Funarte – Alameda Nothmann, 1058, Campos Elísios, São Paulo, SP",Baixo,
1978.05.20,Acervo da Folha de S. Paulo,Folha de S. Paulo,SP,Caderno Ilustrada,4316636.png,Rezas de Sol para a Missa do Vaqueiro,4316636h.png,Teatro,Missa do Vaqueiro,Propaganda,"Auditório MEC-Funarte – Alameda Nothmann, 1058, Campos Elísios, São Paulo, SP",Baixo,
1978.05.25,Acervo da Folha de S. Paulo,Folha de S. Paulo,SP,Caderno Ilustrada,4317659.png,Rezas de Sol para a Missa do Vaqueiro,4317659h.png,Teatro,Missa do Vaqueiro,Propaganda,"Auditório MEC-Funarte – Alameda Nothmann, 1058, Campos Elísios, São Paulo, SP",Baixo,
1978.05.26,Acervo da Folha de S. Paulo,Folha de S. Paulo,SP,Caderno Ilustrada,4317817.png,Rezas de Sol para a Missa do Vaqueiro,4317817h.png,Teatro,Missa do Vaqueiro,Propaganda,"Auditório MEC-Funarte – Alameda Nothmann, 1058, Campos Elísios, São Paulo, SP",Baixo,
1978.05.27,Acervo da Folha de S. Paulo,Folha de S. Paulo,SP,Caderno Ilustrada,4317949.png,Rezas de Sol para a Missa do Vaqueiro,4317949h.png,Teatro,Missa do Vaqueiro,Propaganda,"Auditório MEC-Funarte – Alameda Nothmann, 1058, Campos Elísios, São Paulo, SP",Baixo,
1978.05.28,Acervo da Folha de S. Paulo,Folha de S. Paulo,SP,Caderno Ilustrada,4318186.png,Rezas de Sol para a Missa do Vaqueiro,4318186h.png,Teatro,Missa do Vaqueiro,Propaganda,"Auditório MEC-Funarte – Alameda Nothmann, 1058, Campos Elísios, São Paulo, SP",Baixo,
1978.06.05,Hemeroteca da Biblioteca Nacional,Tribuna da Imprensa,RJ,Edição 08767,I0031495-2Alt=002269Lar=001884LargOri=004746AltOri=005717.JPG,"Síntese, Missa do Vaqueiro, 2a. coluna.",I0031495.png,Teatro,Missa do Vaqueiro,,"Sala Funarte Sidney Miller - Rua da Imprensa, 16, Centro, Rio de Janeiro, RJ",Baixo,
1978.06.05,Hemeroteca da Biblioteca Nacional,Jornal do Brasil,RJ,Edição 00058 (1),I0181222-20Alt=002781Lar=001884LargOri=004559AltOri=006730.JPG,"Teatro, Os primeiros “mambembáveis” do ano, terceira coluna",I0181222.png,Teatro,Missa do Vaqueiro,,,Baixo,
1978.06.07,Hemeroteca da Biblioteca Nacional,Diario de Pernambuco,PE,Edição 00152,I0118616-2Alt=003033Lar=001884LargOri=004105AltOri=006609.JPG,"Cena Aberta, “Missa do Vaqueiro” estréia no Rio, 1a. coluna, 4o. parágrafo.",I0118616.png,Teatro,Missa do Vaqueiro,Estreia no Rio. Irene citada como responsável da direção musical. Eliane Estevão no elenco.,"Sala Funarte Sidney Miller - Rua da Imprensa, 16, Centro, Rio de Janeiro, RJ",Médio,
1978.06.09,Hemeroteca da Biblioteca Nacional,Jornal do Brasil,RJ,Edição 00062 (1),I0181400-20Alt=002746Lar=001884LargOri=004559AltOri=006646.JPG,"A Próxima semana, Missa nordestina lança teatro na Funarte, penúltimo parágrafo",I0181400.png,Teatro,Missa do Vaqueiro,Descrição bacana da peça.,"Sala Funarte Sidney Miller - Rua da Imprensa, 16, Centro, Rio de Janeiro, RJ",Médio,
1978.06.10,Hemeroteca da Biblioteca Nacional,Jornal do Brasil,RJ,Edição 00063 (1),I0181450-20Alt=002813Lar=001884LargOri=004499AltOri=006719.JPG,"Agenda, último item da primeira coluna, ela aparece na segunda",I0181450.png,Teatro,Missa do Vaqueiro,,"Sala Funarte Sidney Miller - Rua da Imprensa, 16, Centro, Rio de Janeiro, RJ",Baixo,
1978.06.15,Hemeroteca da Biblioteca Nacional,Jornal do Brasil,RJ,Edição 00068 (1),I0181722-20Alt=002753Lar=001884LargOri=004582AltOri=006698.JPG,"Teatro, primeiro item",I0181722.png,Teatro,Missa do Vaqueiro,Estreia no Rio. Irene citada como responsável da direção musical. Eliane Estevão no elenco.,"Sala Funarte Sidney Miller - Rua da Imprensa, 16, Centro, Rio de Janeiro, RJ",Médio,
1978.06.16,Hemeroteca da Biblioteca Nacional,Jornal do Brasil,RJ,Edição 00069 (2),I0181768-A0Alt=003024Lar=002022LargOri=004494AltOri=006721.JPG,"Missa rezada na Funarte, último parágrafo",I0181768.png,Teatro,Missa do Vaqueiro,"Sobre a estreia no Rio. Descrição muito legal da peça, inclusive citando alguns versos de músicas.","Sala Funarte Sidney Miller - Rua da Imprensa, 16, Centro, Rio de Janeiro, RJ",Médio,
1978.06.16,Hemeroteca da Biblioteca Nacional,Jornal do Brasil,RJ,Edição 00069 (2),I0181771-A0Alt=003024Lar=002022LargOri=004495AltOri=006719.JPG,"Teatro, começo da terceira coluna",I0181771.png,Teatro,Missa do Vaqueiro,Anúncio.,"Sala Funarte Sidney Miller - Rua da Imprensa, 16, Centro, Rio de Janeiro, RJ",Baixo,
1978.06.17,Hemeroteca da Biblioteca Nacional,Jornal do Brasil,RJ,Edição 00070 (2),I0181824-A0Alt=002985Lar=002012LargOri=004469AltOri=006632.JPG,"Teatro, primeiro item",I0181824.png,Teatro,Missa do Vaqueiro,Anúncio.,"Sala Funarte Sidney Miller - Rua da Imprensa, 16, Centro, Rio de Janeiro, RJ",Baixo,
1978.06.18,Hemeroteca da Biblioteca Nacional,Jornal do Brasil,RJ,Edição 00071 (1),I0181874-A0Alt=002990Lar=002016LargOri=004480AltOri=006644.JPG,"Teatro, primeiro item",I0181874.png,Teatro,Missa do Vaqueiro,Anúncio.,"Sala Funarte Sidney Miller - Rua da Imprensa, 16, Centro, Rio de Janeiro, RJ",Baixo,
1978.06.20,Hemeroteca da Biblioteca Nacional,Jornal do Brasil,RJ,Edição 00073 (2),I0182004-A0Alt=003015Lar=002018LargOri=004482AltOri=006700.JPG,"Teatro, vaqueiros conservadores, primeiro parágrafo",I0182004.png,Teatro,Missa do Vaqueiro,Crítica do espetáculo.,"Sala Funarte Sidney Miller - Rua da Imprensa, 16, Centro, Rio de Janeiro, RJ",Alto,
1978.06.20,Hemeroteca da Biblioteca Nacional,Jornal do Brasil,RJ,Edição 00073 (2),I0182005-A0Alt=003015Lar=002018LargOri=004482AltOri=006700.JPG,"Teatro, primeiro item",I0182005.png,Teatro,Missa do Vaqueiro,Anúncio.,"Sala Funarte Sidney Miller - Rua da Imprensa, 16, Centro, Rio de Janeiro, RJ",Baixo,
1978.06.21,Hemeroteca da Biblioteca Nacional,Diario de Pernambuco,PE,Edição 00166,I0119304-2Alt=003012Lar=001884LargOri=004124AltOri=006593.JPG,"Cena Aberta, “Missa do Vaqueiro” estréia no Rio, 1a. coluna, 3o. parágrafo.",I0119304.png,Teatro,Missa do Vaqueiro,Irene citada como responsável da direção musical. Eliane Estevão no elenco.,"Sala Funarte Sidney Miller - Rua da Imprensa, 16, Centro, Rio de Janeiro, RJ",Baixo,
1978.06.21,Hemeroteca da Biblioteca Nacional,Jornal do Brasil,RJ,Edição 00074 (1),I0182050-A0Alt=003014Lar=002024LargOri=004498AltOri=006697.JPG,"Teatro, primeiro item",I0182050.png,Teatro,Missa do Vaqueiro,Anúncio.,"Sala Funarte Sidney Miller - Rua da Imprensa, 16, Centro, Rio de Janeiro, RJ",Baixo,
1978.06.22,Hemeroteca da Biblioteca Nacional,Jornal do Brasil,RJ,Edição 00074 (1),I0182091-A0Alt=002986Lar=002022LargOri=004493AltOri=006637.JPG,"Teatro, segundo item",I0182091.png,Teatro,Missa do Vaqueiro,Anúncio.,"Sala Funarte Sidney Miller - Rua da Imprensa, 16, Centro, Rio de Janeiro, RJ",Baixo,
1978.06.23,Hemeroteca da Biblioteca Nacional,Jornal do Brasil,RJ,Edição 00076 (1),I0182134-A0Alt=003003Lar=002022LargOri=004492AltOri=006672.JPG,"Teatro, segundo item",I0182134.png,Teatro,Missa do Vaqueiro,Anúncio.,"Sala Funarte Sidney Miller - Rua da Imprensa, 16, Centro, Rio de Janeiro, RJ",Baixo,
1978.06.24,Hemeroteca da Biblioteca Nacional,Jornal do Brasil,RJ,Edição 00077 (1),I0182191-A0Alt=002985Lar=001995LargOri=004432AltOri=006632.JPG,"Teatro, segundo item",I0182191.png,Teatro,Missa do Vaqueiro,Anúncio.,"Sala Funarte Sidney Miller - Rua da Imprensa, 16, Centro, Rio de Janeiro, RJ",Baixo,
1978.06.26,Hemeroteca da Biblioteca Nacional,O Fluminense,RJ,Edição 02529,I0056156-2Alt=002714Lar=001884LargOri=003933AltOri=005666.JPG,"Teatro, Rio, Rezas de Sol para a Missa do Vaqueiro.",I0056156.png,Teatro,Missa do Vaqueiro,,"Sala Funarte Sidney Miller - Rua da Imprensa, 16, Centro, Rio de Janeiro, RJ",Baixo,
1978.06.27,Hemeroteca da Biblioteca Nacional,O Fluminense,RJ,Edição 02526,I0056208-2Alt=002721Lar=001884LargOri=003900AltOri=005633.JPG,"Teatro, Rio, Rezas de Sol para a Missa do Vaqueiro.",I0056208.png,Teatro,Missa do Vaqueiro,,"Sala Funarte Sidney Miller - Rua da Imprensa, 16, Centro, Rio de Janeiro, RJ",Baixo,
1978.06.27,Hemeroteca da Biblioteca Nacional,Jornal do Brasil,RJ,Edição 00080 (1),I0182375-A0Alt=003006Lar=002038LargOri=004531AltOri=006681.JPG,"Teatro, segundo item",I0182375.png,Teatro,Missa do Vaqueiro,Anúncio.,"Sala Funarte Sidney Miller - Rua da Imprensa, 16, Centro, Rio de Janeiro, RJ",Baixo,
1978.06.28,Hemeroteca da Biblioteca Nacional,Jornal do Brasil,RJ,Edição 00081 (1),I0182414-A0Alt=003003Lar=002019LargOri=004485AltOri=006674.JPG,"Teatro, terceiro item",I0182414.png,Teatro,Missa do Vaqueiro,Anúncio.,"Sala Funarte Sidney Miller - Rua da Imprensa, 16, Centro, Rio de Janeiro, RJ",Baixo,
1978.06.29,Hemeroteca da Biblioteca Nacional,O Fluminense,RJ,Edição 02528,I0056254-2Alt=002694Lar=001884LargOri=003941AltOri=005633.JPG,"Teatro, Rio, Rezas de Sol para a Missa do Vaqueiro.",I0056254.png,Teatro,Missa do Vaqueiro,,"Sala Funarte Sidney Miller - Rua da Imprensa, 16, Centro, Rio de Janeiro, RJ",Baixo,
1978.06.29,Hemeroteca da Biblioteca Nacional,Jornal do Brasil,RJ,Edição 00082 (1),I0182461-A0Alt=003012Lar=002022LargOri=004492AltOri=006695.JPG,"Teatro, terceiro item",I0182461.png,Teatro,Missa do Vaqueiro,Anúncio.,"Sala Funarte Sidney Miller - Rua da Imprensa, 16, Centro, Rio de Janeiro, RJ",Baixo,
1978.06.30,Hemeroteca da Biblioteca Nacional,O Fluminense,RJ,Edição 02530B,I0056297-2Alt=002694Lar=001884LargOri=003941AltOri=005633.JPG,"Teatro, Rio, Rezas de Sol para a Missa do Vaqueiro.",I0056297.png,Teatro,Missa do Vaqueiro,,"Sala Funarte Sidney Miller - Rua da Imprensa, 16, Centro, Rio de Janeiro, RJ",Baixo,
1978.06.30,Hemeroteca da Biblioteca Nacional,Jornal do Brasil,RJ,Edição 00083 (1),I0182510-20Alt=002809Lar=001884LargOri=004492AltOri=006701.JPG,"Teatro, primeira coluna, Rezas de sol…",I0182510.png,Teatro,Missa do Vaqueiro,Anúncio.,"Sala Funarte Sidney Miller - Rua da Imprensa, 16, Centro, Rio de Janeiro, RJ",Baixo,
1978.07.01,Hemeroteca da Biblioteca Nacional,Jornal do Brasil,RJ,Edição 00084 (1),I0182564-20Alt=002789Lar=001884LargOri=004469AltOri=006618.JPG,"Teatro, primeira coluna, Rezas de sol…",I0182564.png,Teatro,Missa do Vaqueiro,Anúncio.,"Sala Funarte Sidney Miller - Rua da Imprensa, 16, Centro, Rio de Janeiro, RJ",Baixo,
1978.07.03,Hemeroteca da Biblioteca Nacional,O Fluminense,RJ,Edição 02531,I0056368-2Alt=002658Lar=001884LargOri=004006AltOri=005653.JPG,"Teatro, Rio, Rezas de Sol para a Missa do Vaqueiro.",I0056368.png,Teatro,Missa do Vaqueiro,,"Sala Funarte Sidney Miller - Rua da Imprensa, 16, Centro, Rio de Janeiro, RJ",Baixo,
1978.07.04,Hemeroteca da Biblioteca Nacional,Diario de Pernambuco,PE,Edição 00179,I0119934-2Alt=003021Lar=001884LargOri=004096AltOri=006569.JPG,"Opinião, Rezas de Sol, 2a. coluna.",I0119934.png,Teatro,Missa do Vaqueiro,Diz que a Irene era pernambucana.,"Sala Funarte Sidney Miller - Rua da Imprensa, 16, Centro, Rio de Janeiro, RJ",Baixo,
1978.07.04,Hemeroteca da Biblioteca Nacional,Jornal do Brasil,RJ,Edição 00087 (1),I0182751-20Alt=002767Lar=001884LargOri=004558AltOri=006694.JPG,"Teatro, primeira coluna, Rezas de sol…",I0182751.png,Teatro,Missa do Vaqueiro,Anúncio.,"Sala Funarte Sidney Miller - Rua da Imprensa, 16, Centro, Rio de Janeiro, RJ",Baixo,
1978.07.05,Hemeroteca da Biblioteca Nacional,O Fluminense,RJ,Edição 02533,I0056422-2Alt=002665Lar=001884LargOri=003996AltOri=005654.JPG,"Teatro, Rio, Rezas de Sol para a Missa do Vaqueiro.",I0056422.png,Teatro,Missa do Vaqueiro,,"Sala Funarte Sidney Miller - Rua da Imprensa, 16, Centro, Rio de Janeiro, RJ",Baixo,
1978.07.05,Hemeroteca da Biblioteca Nacional,Jornal do Brasil,RJ,Edição 00088 (1),I0182795-20Alt=002794Lar=001884LargOri=004483AltOri=006650.JPG,"Teatro, primeira coluna, Rezas de sol…",I0182795.png,Teatro,Missa do Vaqueiro,Anúncio.,"Sala Funarte Sidney Miller - Rua da Imprensa, 16, Centro, Rio de Janeiro, RJ",Baixo,
1978.07.06,Hemeroteca da Biblioteca Nacional,O Fluminense,RJ,Edição 02533 (2),I0056442-2Alt=002665Lar=001884LargOri=003996AltOri=005654.JPG,"Teatro, Rio, Rezas de Sol para a Missa do Vaqueiro.",I0056442.png,Teatro,Missa do Vaqueiro,,"Sala Funarte Sidney Miller - Rua da Imprensa, 16, Centro, Rio de Janeiro, RJ",Baixo,
1978.07.06,Hemeroteca da Biblioteca Nacional,Jornal do Brasil,RJ,Edição 00089 (1),I0182834-20Alt=002793Lar=001884LargOri=004483AltOri=006647.JPG,"Teatro, primeira coluna, Rezas de sol…",I0182834.png,Teatro,Missa do Vaqueiro,Anúncio.,"Sala Funarte Sidney Miller - Rua da Imprensa, 16, Centro, Rio de Janeiro, RJ",Baixo,
1978.07.07,Hemeroteca da Biblioteca Nacional,Jornal do Brasil,RJ,Edição 00090 (1),I0182878-20Alt=002758Lar=001884LargOri=004504AltOri=006592.JPG,"Teatro, quinta coluna, Rezas de sol…",I0182878.png,Teatro,Missa do Vaqueiro,Anúncio.,"Sala Funarte Sidney Miller - Rua da Imprensa, 16, Centro, Rio de Janeiro, RJ",Baixo,
1978.07.08,Hemeroteca da Biblioteca Nacional,O Fluminense,RJ,Edição 02536,I0056508-2Alt=002661Lar=001884LargOri=004002AltOri=005652.JPG,"Teatro, Rio, Rezas de Sol para a Missa do Vaqueiro.",I0056508.png,Teatro,Missa do Vaqueiro,,"Sala Funarte Sidney Miller - Rua da Imprensa, 16, Centro, Rio de Janeiro, RJ",Baixo,
1978.07.08,Hemeroteca da Biblioteca Nacional,Jornal do Brasil,RJ,Edição 00091 (1),I0182916-20Alt=002765Lar=001884LargOri=004545AltOri=006674.JPG,"Teatro, segunda coluna, Rezas de sol…",I0182916.png,Teatro,Missa do Vaqueiro,Anúncio.,"Sala Funarte Sidney Miller - Rua da Imprensa, 16, Centro, Rio de Janeiro, RJ",Baixo,
1978.07.10,Hemeroteca da Biblioteca Nacional,O Fluminense,RJ,Edição 02537,I0056552-2Alt=002658Lar=001884LargOri=004005AltOri=005654.JPG,"Teatro, Rio, Rezas de Sol para a Missa do Vaqueiro.",I0056552.png,Teatro,Missa do Vaqueiro,,"Sala Funarte Sidney Miller - Rua da Imprensa, 16, Centro, Rio de Janeiro, RJ",Baixo,
1978.07.11,Hemeroteca da Biblioteca Nacional,Jornal do Brasil,RJ,Edição 00094 (1),I0183097-20Alt=002775Lar=001884LargOri=004517AltOri=006654.JPG,"Teatro, segunda coluna, Rezas de sol…",I0183097.png,Teatro,Missa do Vaqueiro,Anúncio.,"Sala Funarte Sidney Miller - Rua da Imprensa, 16, Centro, Rio de Janeiro, RJ",Baixo,
1978.07.12,Hemeroteca da Biblioteca Nacional,O Fluminense,RJ,Edição 02539,I0056608-2Alt=002678Lar=001884LargOri=003993AltOri=005678.JPG,"Teatro, Rio, Rezas de Sol para a Missa do Vaqueiro.",I0056608.png,Teatro,Missa do Vaqueiro,,"Sala Funarte Sidney Miller - Rua da Imprensa, 16, Centro, Rio de Janeiro, RJ",Baixo,
1978.07.12,Hemeroteca da Biblioteca Nacional,O Fluminense,RJ,Edição 02540,I0056628-2Alt=002677Lar=001884LargOri=004000AltOri=005684.JPG,"Teatro, Rio, Rezas de Sol para a Missa do Vaqueiro.",I0056628.png,Teatro,Missa do Vaqueiro,,"Sala Funarte Sidney Miller - Rua da Imprensa, 16, Centro, Rio de Janeiro, RJ",Baixo,
1978.07.12,Hemeroteca da Biblioteca Nacional,Jornal do Brasil,RJ,Edição 00095 (1),I0183137-20Alt=002800Lar=001884LargOri=004477AltOri=006654.JPG,"Teatro, segunda coluna, Rezas de sol…",I0183137.png,Teatro,Missa do Vaqueiro,Anúncio.,"Sala Funarte Sidney Miller - Rua da Imprensa, 16, Centro, Rio de Janeiro, RJ",Baixo,
1978.07.13,Hemeroteca da Biblioteca Nacional,Jornal do Brasil,RJ,Edição 00096 (1),I0183173-20Alt=002762Lar=001884LargOri=004525AltOri=006637.JPG,"Teatro, primeiro coluna, Rezas de sol…",I0183173.png,Teatro,Missa do Vaqueiro,Anúncio.,"Sala Funarte Sidney Miller - Rua da Imprensa, 16, Centro, Rio de Janeiro, RJ",Baixo,
1978.07.14,Hemeroteca da Biblioteca Nacional,Jornal do Brasil,RJ,Edição 00097 (1),I0183219-20Alt=002785Lar=001884LargOri=004491AltOri=006637.JPG,"Teatro, segunda coluna, Rezas de sol…",I0183219.png,Teatro,Missa do Vaqueiro,Anúncio.,"Sala Funarte Sidney Miller - Rua da Imprensa, 16, Centro, Rio de Janeiro, RJ",Baixo,
1978.07.15,Hemeroteca da Biblioteca Nacional,O Fluminense,RJ,Edição 02542,I0056696-2Alt=002665Lar=001884LargOri=004008AltOri=005667.JPG,"Teatro, Rio, Rezas de Sol para a Missa do Vaqueiro.",I0056696.png,Teatro,Missa do Vaqueiro,,"Sala Funarte Sidney Miller - Rua da Imprensa, 16, Centro, Rio de Janeiro, RJ",Baixo,
1978.07.15,Hemeroteca da Biblioteca Nacional,Jornal do Brasil,RJ,Edição 00098 (1),I0183256-20Alt=002766Lar=001884LargOri=004518AltOri=006630.JPG,"Teatro, segunda coluna, Rezas de sol…",I0183256.png,Teatro,Missa do Vaqueiro,Anúncio.,"Sala Funarte Sidney Miller - Rua da Imprensa, 16, Centro, Rio de Janeiro, RJ",Baixo,
1978.07.18,Hemeroteca da Biblioteca Nacional,Jornal do Brasil,RJ,Edição 00101 (1),I0183458-20Alt=002798Lar=001884LargOri=004485AltOri=006663.JPG,"Teatro, primeira coluna, Rezas de sol…",I0183458.png,Teatro,Missa do Vaqueiro,Anúncio.,"Sala Funarte Sidney Miller - Rua da Imprensa, 16, Centro, Rio de Janeiro, RJ",Baixo,
1978.07.19,Hemeroteca da Biblioteca Nacional,Jornal do Brasil,RJ,Edição 00102 (1),I0183499-20Alt=002827Lar=001884LargOri=004444AltOri=006666.JPG,"Teatro, primeira coluna, Rezas de sol…",I0183499.png,Teatro,Missa do Vaqueiro,Anúncio.,"Sala Funarte Sidney Miller - Rua da Imprensa, 16, Centro, Rio de Janeiro, RJ",Baixo,
1978.07.20,Hemeroteca da Biblioteca Nacional,Jornal do Brasil,RJ,Edição 00103 (1),I0183542-20Alt=002827Lar=001884LargOri=004437AltOri=006656.JPG,"Teatro, primeira coluna, Rezas de sol…",I0183542.png,Teatro,Missa do Vaqueiro,Anúncio.,"Sala Funarte Sidney Miller - Rua da Imprensa, 16, Centro, Rio de Janeiro, RJ",Baixo,
1978.07.21,Hemeroteca da Biblioteca Nacional,Jornal do Brasil,RJ,Edição 00104 (1),I0183583-20Alt=002825Lar=001884LargOri=004437AltOri=006652.JPG,"Teatro, primeira coluna, Rezas de sol…",I0183583.png,Teatro,Missa do Vaqueiro,Anúncio.,"Sala Funarte Sidney Miller - Rua da Imprensa, 16, Centro, Rio de Janeiro, RJ",Baixo,
1978.07.22,Hemeroteca da Biblioteca Nacional,Jornal do Brasil,RJ,Edição 00105 (1),I0183621-20Alt=002818Lar=001884LargOri=004458AltOri=006667.JPG,"Teatro, primeira coluna, Rezas de sol…",I0183621.png,Teatro,Missa do Vaqueiro,Anúncio.,"Sala Funarte Sidney Miller - Rua da Imprensa, 16, Centro, Rio de Janeiro, RJ",Baixo,
1978.07.25,Hemeroteca da Biblioteca Nacional,Jornal do Brasil,RJ,Edição 00108 (1),I0183818-20Alt=002822Lar=001884LargOri=004478AltOri=006707.JPG,"Teatro, quarta coluna, Rezas de sol…",I0183818.png,Teatro,Missa do Vaqueiro,Anúncio.,"Sala Funarte Sidney Miller - Rua da Imprensa, 16, Centro, Rio de Janeiro, RJ",Baixo,
1978.07.26,Hemeroteca da Biblioteca Nacional,Jornal do Brasil,RJ,Edição 00109 (1),I0183860-20Alt=002811Lar=001884LargOri=004478AltOri=006679.JPG,"Teatro, quarta coluna, Rezas de sol…",I0183860.png,Teatro,Missa do Vaqueiro,Anúncio.,"Sala Funarte Sidney Miller - Rua da Imprensa, 16, Centro, Rio de Janeiro, RJ",Baixo,
1978.07.27,Hemeroteca da Biblioteca Nacional,Jornal do Brasil,RJ,Edição 00110 (1),I0183904-20Alt=002812Lar=001884LargOri=004465AltOri=006667.JPG,"Teatro, quarta coluna, Rezas de sol…",I0183904.png,Teatro,Missa do Vaqueiro,Anúncio.,"Sala Funarte Sidney Miller - Rua da Imprensa, 16, Centro, Rio de Janeiro, RJ",Baixo,
1978.07.28,Hemeroteca da Biblioteca Nacional,Jornal do Brasil,RJ,Edição 00111 (1),I0183954-20Alt=002806Lar=001884LargOri=004478AltOri=006666.JPG,"Teatro, quarta coluna, Rezas de sol…",I0183954.png,Teatro,Missa do Vaqueiro,Anúncio.,"Sala Funarte Sidney Miller - Rua da Imprensa, 16, Centro, Rio de Janeiro, RJ",Baixo,
1978.07.29,Hemeroteca da Biblioteca Nacional,Jornal do Brasil,RJ,Edição 00112 (1),I0183993-20Alt=002806Lar=001884LargOri=004478AltOri=006666.JPG,"Teatro, segunda coluna, Rezas de sol…",I0183993.png,Teatro,Missa do Vaqueiro,Anúncio.,"Sala Funarte Sidney Miller - Rua da Imprensa, 16, Centro, Rio de Janeiro, RJ",Baixo,
1978.08.01,Hemeroteca da Biblioteca Nacional,Jornal do Brasil,RJ,Edição 00115 (1),I0184199-20Alt=002825Lar=001884LargOri=004465AltOri=006697.JPG,"Teatro, terceiro coluna, Rezas de sol…",I0184199.png,Teatro,Missa do Vaqueiro,Anúncio.,"Sala Funarte Sidney Miller - Rua da Imprensa, 16, Centro, Rio de Janeiro, RJ",Baixo,
1978.08.02,Hemeroteca da Biblioteca Nacional,Jornal do Brasil,RJ,Edição 00116 (1),I0184237-20Alt=002822Lar=001884LargOri=004465AltOri=006690.JPG,"Teatro, terceiro coluna, Rezas de sol…",I0184237.png,Teatro,Missa do Vaqueiro,Anúncio.,"Sala Funarte Sidney Miller - Rua da Imprensa, 16, Centro, Rio de Janeiro, RJ",Baixo,
1978.08.03,Hemeroteca da Biblioteca Nacional,Jornal do Brasil,RJ,Edição 00117 (1),I0184273-20Alt=002826Lar=001884LargOri=004385AltOri=006580.JPG,"Teatro, terceiro coluna, Rezas de sol…",I0184273.png,Teatro,Missa do Vaqueiro,Anúncio.,"Sala Funarte Sidney Miller - Rua da Imprensa, 16, Centro, Rio de Janeiro, RJ",Baixo,
1978.08.04,Hemeroteca da Biblioteca Nacional,Tribuna da Imprensa,RJ,Edição 08818,I0032135-2Alt=002246Lar=001884LargOri=004736AltOri=005647.JPG,"Síntese, Meu santo é forte.",I0032135.png,Show,Meu Santo é Forte,Walter Pini citado,"Sala Funarte Sidney Miller - Rua da Imprensa, 16, Centro, Rio de Janeiro, RJ",Baixo,
1978.08.04,Hemeroteca da Biblioteca Nacional,Jornal do Brasil,RJ,Edição 00118 (2),I0184319-20Alt=002836Lar=001884LargOri=004468AltOri=006723.JPG,"Teatro, segunda coluna, Rezas de sol…",I0184319.png,Teatro,Missa do Vaqueiro,Anúncio.,"Sala Funarte Sidney Miller - Rua da Imprensa, 16, Centro, Rio de Janeiro, RJ",Baixo,
1978.08.04,Hemeroteca da Biblioteca Nacional,Jornal do Brasil,RJ,Edição 00118 (2),I0184320-20Alt=002836Lar=001884LargOri=004468AltOri=006723.JPG,"Show, Violado até a Amazônia, primeira colina",I0184320.png,Show,Meu Santo é Forte,Estreia do “recital” Meu Santo é Forte com Eliana Estevão.,"Sala Funarte Sidney Miller - Rua da Imprensa, 16, Centro, Rio de Janeiro, RJ",Baixo,
1978.08.05,Hemeroteca da Biblioteca Nacional,Jornal do Brasil,RJ,Edição 00119 (1),I0184362-20Alt=002805Lar=001884LargOri=004485AltOri=006681.JPG,"Teatro, segunda coluna, Rezas de sol…",I0184362.png,Teatro,Missa do Vaqueiro,Anúncio.,"Sala Funarte Sidney Miller - Rua da Imprensa, 16, Centro, Rio de Janeiro, RJ",Baixo,
1978.08.08,Hemeroteca da Biblioteca Nacional,Jornal do Brasil,RJ,Edição 00122 (1),I0184552-20Alt=002842Lar=001884LargOri=004419AltOri=006665.JPG,"Teatro, terceira coluna, Rezas de sol…",I0184552.png,Teatro,Missa do Vaqueiro,Anúncio.,"Sala Funarte Sidney Miller - Rua da Imprensa, 16, Centro, Rio de Janeiro, RJ",Baixo,
1978.08.09,Hemeroteca da Biblioteca Nacional,Jornal do Brasil,RJ,Edição 00123 (1),I0184590-20Alt=002670Lar=001884LargOri=004579AltOri=006489.JPG,"Teatro, terceira coluna, Rezas de sol…",I0184590.png,Teatro,Missa do Vaqueiro,Anúncio.,"Sala Funarte Sidney Miller - Rua da Imprensa, 16, Centro, Rio de Janeiro, RJ",Baixo,
1978.08.10,Hemeroteca da Biblioteca Nacional,Jornal do Brasil,RJ,Edição 00124 (1),I0184635-20Alt=002837Lar=001884LargOri=004433AltOri=006676.JPG,"Teatro, quarta coluna, Rezas de sol…",I0184635.png,Teatro,Missa do Vaqueiro,Anúncio.,"Sala Funarte Sidney Miller - Rua da Imprensa, 16, Centro, Rio de Janeiro, RJ",Baixo,
1978.08.11,Hemeroteca da Biblioteca Nacional,Jornal do Brasil,RJ,Edição 00125 (1),I0184680-20Alt=002830Lar=001884LargOri=004432AltOri=006661.JPG,"Teatro, quarta coluna, Rezas de sol…",I0184680.png,Teatro,Missa do Vaqueiro,Anúncio.,"Sala Funarte Sidney Miller - Rua da Imprensa, 16, Centro, Rio de Janeiro, RJ",Baixo,
1978.08.11,Hemeroteca da Biblioteca Nacional,Jornal do Brasil,RJ,Edição 00125 (2),I0184681-20Alt=002830Lar=001884LargOri=004432AltOri=006661.JPG,"Teatro, Meu santo é forte c/ Pini, primeira coluna",I0184681.png,Show,Meu Santo é Forte,Eliane Estevão e Walter Pini,"Sala Funarte Sidney Miller - Rua da Imprensa, 16, Centro, Rio de Janeiro, RJ",Baixo,
1978.08.12,Hemeroteca da Biblioteca Nacional,Jornal do Brasil,RJ,Edição 00126 (1),I0184720-20Alt=002784Lar=001884LargOri=004500AltOri=006649.JPG,"Teatro, quarta coluna, Rezas de sol…",I0184720.png,Teatro,Missa do Vaqueiro,Anúncio.,"Sala Funarte Sidney Miller - Rua da Imprensa, 16, Centro, Rio de Janeiro, RJ",Baixo,
1978.08.15,Hemeroteca da Biblioteca Nacional,Jornal do Brasil,RJ,Edição 00129 (1),I0184910-20Alt=002839Lar=001884LargOri=004372AltOri=006589.JPG,"Show, Meu santo é forte c/ Pini, primeira coluna",I0184910.png,Show,Meu Santo é Forte,Eliane Estevão e Walter Pini,"Sala Funarte Sidney Miller - Rua da Imprensa, 16, Centro, Rio de Janeiro, RJ",Baixo,
1978.08.16,Hemeroteca da Biblioteca Nacional,Tribuna da Imprensa,RJ,Edição 08828,I0032263-2Alt=002244Lar=001884LargOri=004729AltOri=005633.JPG,"Síntese, Meu santo é forte.",I0032263.png,Show,Meu Santo é Forte,"Walter Pini, violão.","Sala Funarte Sidney Miller - Rua da Imprensa, 16, Centro, Rio de Janeiro, RJ",Médio,
1978.08.16,Hemeroteca da Biblioteca Nacional,Jornal do Brasil,RJ,Edição 00130 (1),I0184943-20Alt=002790Lar=001884LargOri=004505AltOri=006675.JPG,"Show, Teatro, Meu santo é forte c/ Pini, primeira coluna",I0184943.png,Show,Meu Santo é Forte,Eliane Estevão e Walter Pini,"Sala Funarte Sidney Miller - Rua da Imprensa, 16, Centro, Rio de Janeiro, RJ",Baixo,
1978.08.17,Hemeroteca da Biblioteca Nacional,Jornal do Brasil,RJ,Edição 00131 (1),I0184987-20Alt=002782Lar=001884LargOri=004555AltOri=006723.JPG,"Show, Meu santo é forte c/ Pini, primeira coluna",I0184987.png,Show,Meu Santo é Forte,Eliane Estevão e Walter Pini,"Sala Funarte Sidney Miller - Rua da Imprensa, 16, Centro, Rio de Janeiro, RJ",Baixo,
1978.08.18,Hemeroteca da Biblioteca Nacional,Jornal do Brasil,RJ,Edição 00132 (1),I0185032-20Alt=002789Lar=001884LargOri=004545AltOri=006730.JPG,"Teatro, Meu santo é forte c/ Pini, primeira coluna",I0185032.png,Show,Meu Santo é Forte,Eliane Estevão e Walter Pini,"Sala Funarte Sidney Miller - Rua da Imprensa, 16, Centro, Rio de Janeiro, RJ",Baixo,
1978.09.18,Hemeroteca da Biblioteca Nacional,Jornal do Brasil,RJ,Edição 00162 (1),I0186665-20Alt=002864Lar=001884LargOri=004438AltOri=006742.JPG,     ,I0186665.png,Prêmio,Mambembe 78,Indicação na categoria especial pela música e direção musical de A Missa do Vaqueiro.,,Baixo,
1978.11.18,Acervo da Folha de S. Paulo,Folha de S. Paulo,SP,Caderno Primeiro Caderno,4425980.png,"Teatro/Crítica, Os bonecos encantados enfrentam as bombas",4425980h.png,Teatro,Palomares,Descrição da peça.,"Teatro de Arena Eugênio Kusnet – Rua Doutor Teodoro Baima, 94, Vila Buarque, São Paulo, SP",Médio,
1978.12.28,Hemeroteca da Biblioteca Nacional,Jornal do Brasil,RJ,Edição 00263 (1),I0191964-20Alt=002814Lar=001884LargOri=004471AltOri=006677.JPG,"Teatro, Não faltaram boas interpretações, último parágrafo",I0191964.png,Teatro,Missa do Vaqueiro,,,Baixo,
1979.02.05,Hemeroteca da Biblioteca Nacional,Jornal do Brasil,RJ,Edição 00301 (1),I0193950-20Alt=002915Lar=001884LargOri=004440AltOri=006871.JPG,"Teatro, Mambembes na reta final, primeiro parágrafo lá em baixo",I0193950.png,Teatro,Missa do Vaqueiro,Indicação na categoria especial pela música e direção musical de A Missa do Vaqueiro.,,Baixo,
1979.03.15,Hemeroteca da Biblioteca Nacional,A Luta Democratica : Um jornal de luta feito por homens que lutam pelos que não podem lutar,RJ,Edição 07757,I0065752-2Alt=002867Lar=001884LargOri=003901AltOri=005937.JPG,"A noite é o espetáculo, 2a. coluna.",I0065752.png,Prêmio,Mambembe 78,,,Baixo,
1979.04.01,Hemeroteca da Biblioteca Nacional,Tribuna da Imprensa,RJ,Edição 09019,I0034814-2Alt=002672Lar=001884LargOri=004746AltOri=006731.JPG,"Eventos, Projeto Pixinguinha-79, 2a. coluna.",I0034814.png,Show,Projeto Pixinguinha,,,Baixo,
1979.04.03,Hemeroteca da Biblioteca Nacional,Diário de Natal,RN,Edição 10712,I0031737-2Alt=002995Lar=001884LargOri=004092AltOri=006505.JPG,"“Projeto Pixinguinha” volta a Natal em julho, 2a. coluna, 1o. parágrafo.",I0031737.png,Show,Projeto Pixinguinha,,,Baixo,
1979.04.05,Hemeroteca da Biblioteca Nacional,O Fluminense,RJ,Edição 02764,I0065142-2Alt=002712Lar=001884LargOri=003899AltOri=005614.JPG,"O Projeto Pixinguinha para 79, 2a. coluna, 1o. parágrafo.",I0065142.png,Show,Projeto Pixinguinha,,,Baixo,
1979.04.06,Hemeroteca da Biblioteca Nacional,Diario da Tarde,PR,Edição 23877,I0143404-2Alt=002682Lar=001884LargOri=004083AltOri=005812.JPG,"Pixinguinha tem novas normas e a sua pré-estréia, Os critérios para 79",I0143404.png,Show,Projeto Pixinguinha,Irene participou do Projeto Vitrine da Funarte?,,Baixo,
1979.04.07,Hemeroteca da Biblioteca Nacional,Diário do Paraná: Orgao dos Diários Associados,PR,Edição 07162,I0134991-2Alt=002788Lar=001884LargOri=003991AltOri=005906.JPG,"Projeto Pixinguinha, Os critérios para 79.",I0134991.png,Show,Projeto Pixinguinha,,,Baixo,
1979.04.10,Hemeroteca da Biblioteca Nacional,Diario de Pernambuco,PE,Edição 00097,I0133791-2Alt=002946Lar=001884LargOri=004212AltOri=006587.JPG,"Cena Aberta, Vital Santos incluído no Projeto Pixinguinha, 1a. coluna, 2o. parágrafo.",I0133791.png,Show,Projeto Pixinguinha,,,Baixo,
1979.04.13,Hemeroteca da Biblioteca Nacional,O Cruzeiro : Revista,RJ,Edição 2458,I0201908-3Alt=002006Lar=001460LargOri=002433AltOri=003344.JPG,"Premio MEC…, segunda coluna, pouco acima do meio",I0201908.png,Teatro,Mambembe 78,Por “Missa do Vaqueiro”,,Baixo,I0201802-70Alt=001014Lar=000728LargOri=002428AltOri=003380.JPG
1979.04.26,Acervo da Folha de S. Paulo,Folha de S. Paulo,SP,Caderno Primeiro Caderno e Ilustrada,4238795.png,"Um estúdio alternativo em S. Paulo, último parágrafo",4238795h.png,Disco,Sobre “Rumo Norte”,Reportagem sobre o estúdio onde Irene gravou Rumo Norte.,,Baixo,
1979.04.27,Hemeroteca da Biblioteca Nacional,Diario de Pernambuco,PE,Edição 00112,I0134574-2Alt=002952Lar=001884LargOri=004182AltOri=006552.JPG,"Gênios da MPB fazem parte do “Pixinguinha”, 2a. coluna, início.",I0134574.png,Show,Projeto Pixinguinha,,,Baixo,
1979.04.29,Hemeroteca da Biblioteca Nacional,Diario de Pernambuco,PE,Edição 00114,I0134667-2Alt=002988Lar=001884LargOri=004210AltOri=006678.JPG,"Moraes Moreira-Djavan fazem show iniciando Projeto Pixinguinha, 5o. parágrafo.",I0134667.png,Show,Projeto Pixinguinha,,,Baixo,
1979.05.21,Hemeroteca da Biblioteca Nacional,Diario de Pernambuco,PE,Edição 00135 (1),I0135859-20Alt=002952Lar=001884LargOri=004147AltOri=006497,"Pixinguinha 79, abaixo",I0135859.png,Show,Projeto Pixinguinha,,,Baixo,
1979.05.30,Acervo da Folha de S. Paulo,Folha de S. Paulo,SP,Caderno Ilustrada,4242544.png,"“Pixinguinha” recomeça em junho, terceiro parágrafo",4242544h.png,Show,Projeto Pixinguinha,Artista convidado.,,Baixo,
1979.06.15,Hemeroteca da Biblioteca Nacional,Jornal do Brasil,RJ,Edição 00068 (1),I0200577-20Alt=002776Lar=001884LargOri=004492AltOri=006621.JPG,"Show, Projeto Pixinguinha",I0200577a.png,Show,Banda de Pífaros de Caruaru,"Banda de Pífaros de Caruaru, José Milton e Claudionor Germano","Teatro Dulcina - Rua Alcindo Guanabara, 17, Centro, Rio de Janeiro, RJ",Baixo,
1979.06.15,Hemeroteca da Biblioteca Nacional,Jornal do Brasil,RJ,Edição 00068 (1),I0200577-20Alt=002776Lar=001884LargOri=004492AltOri=006621.JPG,"Sexta-feira sobrecarregada, primeira coluna",I0200577b.png,Show,Banda de Pífaros de Caruaru,"Banda de Pífaros de Caruaru, José Milton e Claudionor Germano","Teatro Dulcina - Rua Alcindo Guanabara, 17, Centro, Rio de Janeiro, RJ",Baixo,
1979.06.16,Hemeroteca da Biblioteca Nacional,Jornal do Brasil,RJ,Edição 00069 (1),I0200616-20Alt=002921Lar=001884LargOri=004278AltOri=006629.JPG,"Agenda, à esquerda do topo da foto da Beth Carvalho",I0200616.png,Show,Banda de Pífaros de Caruaru,"Banda de Pífaros de Caruaru, José Milton e Claudionor Germano. E seguem para Vitória, Salvador, Maceió e Recif.",,Baixo,
1979.07.08,Hemeroteca da Biblioteca Nacional,Diario de Pernambuco,PE,Edição 00182 (1),I0138407-20Alt=002861Lar=001884LargOri=004191AltOri=006364.JPG,"Cena Aberta, A vez de Pernambuco no “Pixinguinha”",I0138407.png,Show,Projeto Pixinguinha,,"Vários: Teatro Dulcina - Rua Alcindo Guanabara, 17, Centro, Rio de Janeiro, RJ; Teatro do Parque – Rua do Hospício, 81, Boa Vista, Recife, PE",Baixo,
1979.07.09,Hemeroteca da Biblioteca Nacional,Diario de Pernambuco,PE,Edição 00183 (2),I0138466-20Alt=002872Lar=001884LargOri=004158AltOri=006338.JPG,"Agenda, Segunda-feira (ao lado do centro da roda-gigante)",I0138466.png,Show,Projeto Pixinguinha,Banda de Pífaros de Caruaru e José Milton,"Teatro do Parque – Rua do Hospício, 81, Boa Vista, Recife, PE",Baixo,
1979.07.09,Hemeroteca da Biblioteca Nacional,Diario de Pernambuco,PE,Edição 00183 (2),I0138469-20Alt=002872Lar=001884LargOri=004158AltOri=006338.JPG,"Esquina, A vez do frevo (segunda coluna, último parágrafo)",I0138469.png,Show,Projeto Pixinguinha,"Claudionor Germano, Banda de Pífaros de Caruaru e José Milton","Teatro do Parque – Rua do Hospício, 81, Boa Vista, Recife, PE",Baixo,
1979.07.10,Hemeroteca da Biblioteca Nacional,Diario de Pernambuco,PE,Edição 00184 (3),I0138495-20Alt=002837Lar=001884LargOri=004155AltOri=006256.JPG,"Valores da terra (segunda coluna, acima de preço)",I0138495.png,Show,Projeto Pixinguinha,"Claudionor Germano, Banda de Pífaros de Caruaru e José Milton","Teatro do Parque – Rua do Hospício, 81, Boa Vista, Recife, PE",Baixo,
1979.07.10,Hemeroteca da Biblioteca Nacional,Diario de Pernambuco,PE,Edição 00184 (3),I0138520-20Alt=002913Lar=001884LargOri=004163AltOri=006437.JPG,Banda dá show no Parque (segundo parágrafo),I0138520.png,Show,Projeto Pixinguinha,"Claudionor Germano, Banda de Pífaros de Caruaru e José Milton","Teatro do Parque – Rua do Hospício, 81, Boa Vista, Recife, PE",Baixo,
1979.07.10,Hemeroteca da Biblioteca Nacional,Diario de Pernambuco,PE,Edição 00184 (3),I0138526-20Alt=002878Lar=001884LargOri=004167AltOri=006365.JPG,"Pixinguinha e em Shows (primeiro item, ela aparece no inicio da terceira coluna)",I0138526.png,Show,Projeto Pixinguinha,"Claudionor Germano, Banda de Pífaros de Caruaru e José Milton","Teatro do Parque – Rua do Hospício, 81, Boa Vista, Recife, PE",Baixo,
1979.07.11,Hemeroteca da Biblioteca Nacional,Diario de Pernambuco,PE,Edição 00185 (1),I0138572-20Alt=002826Lar=001884LargOri=004244AltOri=006367.JPG,Shows (primeiro item),I0138572.png,Show,Projeto Pixinguinha,"Claudionor Germano, Banda de Pífaros de Caruaru e José Milton","Teatro do Parque – Rua do Hospício, 81, Boa Vista, Recife, PE",Baixo,
1979.07.12,Hemeroteca da Biblioteca Nacional,Diario de Pernambuco,PE,Edição 00186 (1),I0138618-20Alt=002828Lar=001884LargOri=004259AltOri=006392.JPG,Shows (primeiro item),I0138618.png,Show,Projeto Pixinguinha,"Claudionor Germano, Banda de Pífaros de Caruaru e José Milton","Teatro do Parque – Rua do Hospício, 81, Boa Vista, Recife, PE",Baixo,
1979.07.13,Hemeroteca da Biblioteca Nacional,Diario de Pernambuco,PE,Edição 00187 (1),I0138664-20Alt=002830Lar=001884LargOri=004255AltOri=006391.JPG,Shows (primeiro item),I0138664.png,Show,Projeto Pixinguinha,"Claudionor Germano, Banda de Pífaros de Caruaru e José Milton","Teatro do Parque – Rua do Hospício, 81, Boa Vista, Recife, PE",Baixo,
1979.07.17,Hemeroteca da Biblioteca Nacional,Jornal do Brasil,RJ,Edição 00100 (1),I0202227-20Alt=002934Lar=001884LargOri=004379AltOri=006819.JPG,Palmas para a cantora Irene Portela que ela merece,I0202227.png,Disco,Sobre “Rumo Norte”,Resenha sobre Rumo Norte,,Alto,
1979.07.21,Hemeroteca da Biblioteca Nacional,Jornal do Brasil,RJ,Edição 00104 (1),I0202385-20Alt=002968Lar=001884LargOri=004344AltOri=006844.JPG,"Três cantoras vendem o produto (comercial) das suas criações, terceira coluna e “primeiro” parágrafo",I0202385.png,Citação,"Joanna, Fátima Guedes e Thereza Tinoco",Citada em uma critica à três outras cantoras.,,Baixo,
1979.07.23,Hemeroteca da Biblioteca Nacional,Jornal do Brasil,RJ,Edição 00106 (1),I0202530-20Alt=002924Lar=001884LargOri=004353AltOri=006758.JPG,"Anistia para os textos censurados, Em um ato, última coluna no meio",I0202530.png,Teatro,Palomares,Ganhou o troféu Mambembe na categoria grupo ou movimento em 78. Músicas de Irene e Pini.,"Teatro Glauce Rocha - Av. Rio Branco, 179, Centro, Rio de Janeiro, RJ",Médio,
1979.07.27,Hemeroteca da Biblioteca Nacional,Jornal do Brasil,RJ,Edição 00110 (1),I0202692-20Alt=002902Lar=001884LargOri=004439AltOri=006840.JPG,"Teatro, Uma notícia anunciada por bonecos: Palomares",I0202692.png,Teatro,Palomares,Descrição da peça.,"Teatro Glauce Rocha - Av. Rio Branco, 179, Centro, Rio de Janeiro, RJ",Médio,
1979.08.04,Hemeroteca da Biblioteca Nacional,Jornal do Brasil,RJ,Edição 00118 (1),I0203132-20Alt=002916Lar=001884LargOri=004452AltOri=006894.JPG,"A sonora ascensão das mulheres, quarto parágrafo",I0203132.png,Disco,Sobre “Rumo Norte”,Breve resenha de Rumo Norte,,Médio,
1979.08.25,Acervo da Folha de S. Paulo,Folha de S. Paulo,SP,Caderno Primeiro Caderno e Ilustrada,4259775.png,"Irene Portela busca Rumo Norte, no Sul",4259775h.png,Disco,Sobre “Rumo Norte”,Entrevista de lançamento do disco Rumo Norte (foto).,,Alto,
1979.09.03,Hemeroteca da Biblioteca Nacional,Diario de Pernambuco,PE,Edição 00239 (1),I0141564-20Alt=002834Lar=001884LargOri=004286AltOri=006447.JPG,"As novas musas da MPB, review de lançamento do Rumo Norte",I0141564.png,Disco,Sobre “Rumo Norte”,Sobre o lançamento de Rumo Norte,,Alto,
1979.09.17,Acervo da Folha de S. Paulo,Folha de S. Paulo,SP,Caderno Ilustrada,4263423.png,"Uma visão menos elitista dos menores abandonados, último parágrafo",4263423h.png,Teatro,Ao Acaso das Ruas,Descrição da peça.,"Teatro Célia Helena – Rua Barão de Iguape, 113, Liberdade, São Paulo, SP",Médio,
1979.09.17,Acervo da Folha de S. Paulo,Folha de S. Paulo,SP,Caderno Ilustrada,4263428.png,"As promessas dentro da caixa, segundo parágrafo",4263428h.png,Teatro,Ao Acaso das Ruas,Sobre a peça.,"Teatro Célia Helena – Rua Barão de Iguape, 113, Liberdade, São Paulo, SP",Baixo,
1979.09.29,Acervo da Folha de S. Paulo,Folha de S. Paulo,SP,Caderno Primeiro Caderno e Ilustrada,4263923.png,"A invasão dos discos femininos, segunda coluna e quarta coluna",4263923h.png,Disco,Sobre “Rumo Norte”,Brevíssima crítica sobre Rumo Norte.,,Baixo,
1979.10.01,Hemeroteca da Biblioteca Nacional,O Fluminense,RJ,Edição 02918,I0070476-2Alt=002692Lar=001884LargOri=003969AltOri=005674.JPG,"O Brasil fica sabendo o que está acontecendo com a MPB, 2a. coluna, final.",I0070476.png,Show,Festival 79,"“Eu acho o Festival importantíssimo para as pessoas mostrarem o seu trabalho, divulgando o artista junto ao grande público.”",,Alto,
1979.10.28,Hemeroteca da Biblioteca Nacional,Jornal do Brasil,RJ,Edição 00203 (1),I0207654-20Alt=002449Lar=001884LargOri=004821AltOri=006267.JPG,terceira coluna e quarta coluna,I0207654.png,Citação,Venda de discos,Reportagem sobre as inúmeras cantoras que foram lançadas nos últimos anos e sua performance de vendas. Destaquei só um trecho para contextualizar um pouco em que momento é mencionada a Irene.,,Baixo,I0207653-20Alt=002449Lar=001884LargOri=004821AltOri=006267.JPG;I0207652-20Alt=002449Lar=001884LargOri=004821AltOri=006267.JPG;I0207651-20Alt=002449Lar=001884LargOri=004821AltOri=006267.JPG
1979.11.02,Hemeroteca da Biblioteca Nacional,Jornal da República,SP,Edição 00059,I0001008-2Alt=003057Lar=001884LargOri=004413AltOri=007160.JPG,"Show e música, Em cartaz, 3a. coluna, Banda de Pífanos de Caruaru.",I0001008.png,Show,Banda Pífanos de Caruaru,Participação especial de Irene no show da Banda de Pífaros de Caruaru,"Teatro Tuca - Rua Monte Alegre, 1024, São Paulo, SP",Baixo,
1979.11.03,Hemeroteca da Biblioteca Nacional,Diario de Pernambuco,PE,Edição 00299 (1),I0144945-20Alt=002853Lar=001884LargOri=004260AltOri=006450.JPG,"Pixinguinha, ao centro e último parágrafo",I0144945.png,Show,Projeto Pixinguinha,,,Baixo,
1979.12.28,Hemeroteca da Biblioteca Nacional,Jornal do Brasil,RJ,Edição 00263 (1),I0211013-20Alt=002943Lar=001884LargOri=004302AltOri=006723.JPG,"Rumo Norte, terceira coluna",I0211013.png,Disco,Sobre “Rumo Norte”,O jornalista destacou Rumo Norte como um dos melhores discos do ano.,,Alto,
1979.12.29,Hemeroteca da Biblioteca Nacional,Jornal do Brasil,RJ,Edição 00264 (1),I0211054-20Alt=002943Lar=001884LargOri=004302AltOri=006723.JPG,"Guarujá - o verão de 1980, terceira coluna",I0211054.png,Show,Festival de Verão do Guarujá,“magote de argentinos”,"Circo – Praia da Enseada, Guarujá, SP",Baixo,
1979.12.31,Hemeroteca da Biblioteca Nacional,Jornal do Brasil,RJ,Edição 00266 (1),I0211186-20Alt=002977Lar=001884LargOri=004351AltOri=006874.JPG,"Luzes e sombras no ano musical, primeira coluna, terceiro tópico",I0211186.png,Disco,Rumo Norte,Irene mencionada como uma das revelações do ano.,,Baixo,
1980.01.09,Hemeroteca da Biblioteca Nacional,Diario da Tarde,PR,Edição 23092,I0145230-2Alt=002590Lar=001884LargOri=004231AltOri=005817.JPG,"Projeto Pixinguinha completa os 3 anos, 2a. coluna.",I0145230.png,Show,Projeto Pixinguinha,Banda de Pífaros de Caruaru e José Milton,,Baixo,
1980.01.17,Hemeroteca da Biblioteca Nacional,Jornal do Brasil,RJ,Edição 00282,I0000078-2Alt=002963Lar=001884LargOri=004236AltOri=006659.JPG,"Festival de Verão do Guarujá, 1a. coluna última linha.",I0000078.png,Show,Festival de Verão do Guarujá,,"Circo – Praia da Enseada, Guarujá, SP",Baixo,
1980.01.21,Acervo da Folha de S. Paulo,Folha de S. Paulo,SP,Caderno Primeiro Caderno,4429626.png,"Shows, Baião de viola",4429626h.png,Show,Baião de Viola,Show de Sebastião Marinho e João Quindingues com participação de Irene cantando canções do seu disco.,"Teatro Abertura – Largo Padre Péricles, 5, Perdizes, São Paulo, SP",Baixo,
1980.01.24,Acervo da Folha de S. Paulo,Folha de S. Paulo,SP,Caderno Primeiro Caderno,4430249.png,"Shows, 2a coluna, Perspectivas para a música…",4430249h.png,Show,Show solo,"Vários artistas, inclusive Pifaros de Caruaru e Elomar.","Centro de Convivência de Campinas – Praça Imprensa Fluminense, Cambuí, Campinas, SP",Baixo,
1980.01.25,Acervo da Folha de S. Paulo,Folha de S. Paulo,SP,Caderno Primeiro Caderno,4430504.png,"Festival, 2o parágrafo",4430504h.png,Show,Festival de Verão do Guarujá,,"Circo – Praia da Enseada, Guarujá, SP",Baixo,
1980.01.26,Acervo da Folha de S. Paulo,Folha de S. Paulo,SP,Caderno Primeiro Caderno,4430688.png,"Destaques de hoje na televisão, 2a coluna ao centro",4430688h.png,TV,Primeiro Especial de MPB na RTC (Canal 2),"Primeiro especial de MPB no canal RTC (Canal 2) com participação de Baden Powell (foto), Silvia Maria, Marcus Vinícius, Irene Portela e Luís Carlos Maranhão.",Tv Cultura,Baixo,
1980.01.28,Acervo da Folha de S. Paulo,Folha de S. Paulo,SP,Caderno Ilustrada,4431163.png,"Samba, a atração principal do Festival do Guarujá 80, 2a coluna fim do 1o paragráfo",4431163h.png,Show,Festival de Verão do Guarujá,Texto sobre o Festival de Verão do Guarujá 80,"Circo – Praia da Enseada, Guarujá, SP",Médio,
1980.01.28,Acervo da Folha de S. Paulo,Folha de S. Paulo,SP,Caderno Ilustrada,4431167.png,"“Ao Acaso das Ruas”, de novo em cartaz",4431167h.png,Teatro,Ao Acaso das Ruas,Mais uma temporada do espetáculo.,"Teatro Célia Helena – Rua Barão de Iguape, 113, Liberdade, São Paulo, SP",Baixo,
1980.01.29,Acervo da Folha de S. Paulo,Folha de S. Paulo,SP,Caderno Ilustrada,4431300.png,"Teatro, 3a coluna ao centro, “Ao Acaso das Ruas”",4431300h.png,Teatro,Ao Acaso das Ruas,Anúncio.,"Teatro Célia Helena – Rua Barão de Iguape, 113, Liberdade, São Paulo, SP",Baixo,
1980.01.30,Acervo da Folha de S. Paulo,Folha de S. Paulo,SP,Caderno Primeiro Caderno,4431448.png,"Teatro, 3a coluna ao centro, “Ao Acaso das Ruas”",4431448h.png,Teatro,Ao Acaso das Ruas,Anúncio (foto).,"Teatro Célia Helena – Rua Barão de Iguape, 113, Liberdade, São Paulo, SP",Médio,
1980.01.31,Acervo da Folha de S. Paulo,Folha de S. Paulo,SP,Caderno Ilustrada,4431611.png,"Teatro, 2a coluna ao centro abaixo, “Ao Acaso das Ruas”",4431611h.png,Teatro,Ao Acaso das Ruas,Anúncio.,"Teatro Célia Helena – Rua Barão de Iguape, 113, Liberdade, São Paulo, SP",Baixo,
1980.02.01,Hemeroteca da Biblioteca Nacional,Jornal do Brasil,RJ,Edição 00297,I0001534-2Alt=002974Lar=001884LargOri=004288AltOri=006767.JPG,"“Show” no centro agora é na sala Funarte, 3o. parágrafo.",I0001534.png,Citação,Sala Funarte,,,Baixo,
1980.02.01,Acervo da Folha de S. Paulo,Folha de S. Paulo,SP,Caderno Ilustrada,4229825.png,"Teatro, 3a coluna ao centro, “Ao Acaso das Ruas”",4229825h.png,Teatro,Ao Acaso das Ruas,Anúncio.,"Teatro Célia Helena – Rua Barão de Iguape, 113, Liberdade, São Paulo, SP",Baixo,
1980.02.02,Acervo da Folha de S. Paulo,Folha de S. Paulo,SP,Caderno Ilustrada,4230102.png,"Teatro, 3a coluna ao centro abaixo, “Ao Acaso das Ruas”",4230102h.png,Teatro,Ao Acaso das Ruas,Anúncio.,"Teatro Célia Helena – Rua Barão de Iguape, 113, Liberdade, São Paulo, SP",Baixo,
1980.02.03,Acervo da Folha de S. Paulo,Folha de S. Paulo,SP,Caderno Ilustrada,4230543.png,"Teatro, 2a coluna ao centro abaixo, “Ao Acaso das Ruas”",4230543h.png,Teatro,Ao Acaso das Ruas,Anúncio.,"Teatro Célia Helena – Rua Barão de Iguape, 113, Liberdade, São Paulo, SP",Baixo,
1980.02.03,Acervo da Folha de S. Paulo,Folha de S. Paulo,SP,Caderno Ilustrada e Folhetim,4230565.png,"Destaques de hoje na televisão, 2a coluna",4230565h.png,TV,"Canal 2, Ponto de Encontro","Participação de Irene (foto) e Marcus Vinícius no programa Ponto de Encontro, eles cantam e falam de suas regiões de origem.",Tv Cultura,Alto,
1980.02.05,Acervo da Folha de S. Paulo,Folha de S. Paulo,SP,Caderno Ilustrada,4231313.png,"Teatro, 1a coluna embaixo, “Ao Acaso das Ruas”",4231313h.png,Teatro,Ao Acaso das Ruas,Anúncio.,"Teatro Célia Helena – Rua Barão de Iguape, 113, Liberdade, São Paulo, SP",Baixo,
1980.02.09,Acervo da Folha de S. Paulo,Folha de S. Paulo,SP,Caderno Ilustrada,4232504.png,"Teatro, 1a coluna centro, “Ao Acaso das Ruas”, no meio",4232504h.png,Teatro,Ao Acaso das Ruas,Anúncio.,"Teatro Célia Helena – Rua Barão de Iguape, 113, Liberdade, São Paulo, SP",Baixo,
1980.02.10,Acervo da Folha de S. Paulo,Folha de S. Paulo,SP,Caderno Ilustrada,4232977.png,"Teatro, 1a coluna centro, “Ao Acaso das Ruas”",4232977h.png,Teatro,Ao Acaso das Ruas,Anúncio.,"Teatro Célia Helena – Rua Barão de Iguape, 113, Liberdade, São Paulo, SP",Baixo,
1980.02.11,Acervo da Folha de S. Paulo,Folha de S. Paulo,SP,Caderno Ilustrada,4233295.png,"Teatro, “Ao Acaso das Ruas”",4233295h.png,Teatro,Ao Acaso das Ruas,"Anúncio (foto), último dia de apresentação","Teatro Célia Helena – Rua Barão de Iguape, 113, Liberdade, São Paulo, SP",Baixo,
1980.03.02,Acervo da Folha de S. Paulo,Folha de S. Paulo,SP,Caderno Ilustrada,4230062.png,"Destaques de hoje na televisão, 2a coluna, penultimo parágrafo",4230062h.png,TV,"Canal 2, Ponto de Encontro",Participação de Irene (foto) e Marcus Vinícius no programa Ponto de Encontro.,Tv Cultura,Baixo,
1980.03.05,Acervo da Folha de S. Paulo,Folha de S. Paulo,SP,Caderno Ilustrada,4230953.png,"Destaques de hoje na televisão, 2a coluna, penultimo parágrafo",4230953h.png,TV,"Canal 2, Ponto de Encontro",Marcos Vinicius,,,
1980.04.03,Acervo da Folha de S. Paulo,Folha de S. Paulo,SP,Caderno Ilustrada,4235342.png,Diversos cantores no “Projeto Musical Funarte”,4235342h.png,Show,Projeto Musical Funarte,Descrição do formato do Projeto Musical Funarte,"Sala Guiomar Novaes – Alameda Nothmann, 1058, Campos Elísios, São Paulo, SP",Médio,
1980.04.17,Acervo da Folha de S. Paulo,Folha de S. Paulo,SP,Caderno Ilustrada,4306831.png,"Shows, 1a coluna, Irene Portela",4306831h.png,Show,Show solo,Anúncio. Participação especial de Fabio Leal.,"Fulô da Laranjeira – Alameda Santos, 2528, Jardim Paulista, São Paulo, SP",Baixo,
1980.04.19,Acervo da Folha de S. Paulo,Folha de S. Paulo,SP,Caderno Ilustrada,4307527.png,"Shows, 2a coluna, Irene Portela",4307527h.png,Show,Show solo,Anúncio. Participação especial de Fabio Leal.,"Fulô da Laranjeira – Alameda Santos, 2528, Jardim Paulista, São Paulo, SP",Baixo,
1980.04.19,Acervo da Folha de S. Paulo,Folha de S. Paulo,SP,Caderno Ilustrada,4307560.png,"As novas cantoras do rádio, 5a linha, 5a coluna",4307560h.png,Show,Projeto Musical Funarte,Propaganda,"Sala Guiomar Novaes – Alameda Nothmann, 1058, Campos Elísios, São Paulo, SP",Baixo,
1980.04.27,Acervo da Folha de S. Paulo,Folha de S. Paulo,SP,Caderno Ilustrada,4310931.png,"As novas cantoras do rádio, 4a linha, 2a coluna",4310931h.png,Show,Projeto Musical Funarte,Propaganda,"Sala Guiomar Novaes – Alameda Nothmann, 1058, Campos Elísios, São Paulo, SP",Baixo,
1980.04.28,Acervo da Folha de S. Paulo,Folha de S. Paulo,SP,Caderno Ilustrada,4311466.png,"Um novo espaço para Rosa Maria na MPB, 3o parágrafo",,Disco,“Vagando” de Rosa Maria,,,,
1980.04.28,Acervo da Folha de S. Paulo,Folha de S. Paulo,SP,Caderno Ilustrada,4311466.png,As novas cantoras do rádio,,Show,Projeto Musical Funarte,,,,
1980.04.28,Acervo da Folha de S. Paulo,Folha de S. Paulo,SP,Caderno Ilustrada,4311475.png,"Fortes muda de gênero, Bennett prepara a chegada, 2o parágrafo",,Disco,“Vagando” de Rosa Maria,,,,
1980.04.29,Acervo da Folha de S. Paulo,Folha de S. Paulo,SP,Caderno Ilustrada,4311822.png,As novas cantoras do rádio,4311822h.png,Show,Projeto Musical Funarte,Propaganda,"Sala Guiomar Novaes – Alameda Nothmann, 1058, Campos Elísios, São Paulo, SP",Baixo,
1980.04.30,Acervo da Folha de S. Paulo,Folha de S. Paulo,SP,Caderno Ilustrada,4312217.png,As novas cantoras do rádio,,Show,Projeto Musical Funarte,,,,
1980.05.01,Acervo da Folha de S. Paulo,Folha de S. Paulo,SP,Caderno Ilustrada,4242697.png,"As novas cantoras do rádio, 1o paragrafo e 1o da 2a coluna",,Show,Projeto Musical Funarte,,,,
1980.05.26,Hemeroteca da Biblioteca Nacional,A Luta Democratica : Um jornal de luta feito por homens que lutam pelos que não podem lutar,RJ,Edição 07941,I0066595-2Alt=002929Lar=001884LargOri=004152AltOri=006454.JPG,"A noite é o espetáculo, 2a. coluna.",I0066595.png,Show,Projeto Pixinguinha,Com Quinteto Violado e Elomar,,Baixo,
1980.05.26,Hemeroteca da Biblioteca Nacional,Jornal do Brasil,RJ,Edição 00048,I0007367-2Alt=002998Lar=001884LargOri=004257AltOri=006774.JPG,"Contraponto, Em trânsito, 1o. parágrafo.",I0007367.png,Show,Projeto Pixinguinha,Com Quinteto Violado e Elomar,"Vários: Teatro Dulcina - Rua Alcindo Guanabara, 17, Centro, Rio de Janeiro, RJ; Teatro Sesc - Av. Automóvel Clube, 66, Centro, São João de Meriti, RJ; Teatro Rondon Pacheco - Rua Santos Dumont, 517, Centro, Uberlândia, MG; Teatro do Centro de Convivência - Praça Imprensa Fluminense, Cambuí, Campinas, SP; Teatro Cacilda Becker - Praça Samuel Sabatini, 50, Centro, São Bernardo do Campo, SP; Teatro Ouro Verde - Rua Maranhão, 85, Centro, Londrina, PR; Teatro Álvaro de Carvalho - Rua Marechal Guilherme, 26, Centro, Florianópolis, SC; Teatro Carlos Gomes – Rua XV de Novembro, 1181, Centro, Blumenau, SC",Baixo,
1980.05.26,Acervo da Folha de S. Paulo,Folha de S. Paulo,SP,Caderno Ilustrada,4317854.png,"Gil e Jimmy Cliff, para ninguém perder, 1a coluna no fim",,Show,Projeto Musical Funarte,,,,
1980.05.28,Acervo da Folha de S. Paulo,Folha de S. Paulo,SP,Caderno Ilustrada,4318099.png,"Irene Portela, música e poesia",,Show,Projeto Musical Funarte,“Dia de Festa”,,,
1980.05.28,Acervo da Folha de S. Paulo,Folha de S. Paulo,SP,Caderno Ilustrada,4318104.png,"Shows, Irene Portela",,Show,Projeto Musical Funarte,“Dia de Festa”,,,
1980.05.29,Acervo da Folha de S. Paulo,Folha de S. Paulo,SP,Caderno Ilustrada,4318230.png,"Headline e Shows, Irene Portela",,Show,Projeto Musical Funarte,“Dia de Festa”,,,
1980.05.30,Acervo da Folha de S. Paulo,Folha de S. Paulo,SP,Caderno Ilustrada,4318386.png,"Shows, Irene Portela",,Show,Projeto Musical Funarte,“Dia de Festa”,,,
1980.05.31,Acervo da Folha de S. Paulo,Folha de S. Paulo,SP,Caderno Ilustrada,4318544.png,"Shows, Irene Portela",,Show,Projeto Musical Funarte,"Foto, “Dia de Festa”",,,
1980.06.01,Acervo da Folha de S. Paulo,Folha de S. Paulo,SP,Caderno Ilustrada,4244884.png,"Shows, Irene Portela",,Show,Projeto Musical Funarte,“Dia de Festa”,,,
1980.06.04,Hemeroteca da Biblioteca Nacional,Diário do Paraná: Orgao dos Diários Associados,PR,Edição 07511,I0142119-2Alt=002787Lar=001884LargOri=004422AltOri=006542.JPG,"Projetos, Roteiro e as duplas, 2o. parágrafo.",I0142119.png,Show,Projeto Pixinguinha,Com Quinteto Violado e Elomar,"Vários: Teatro Dulcina - Rua Alcindo Guanabara, 17, Centro, Rio de Janeiro, RJ; Teatro Sesc - Av. Automóvel Clube, 66, Centro, São João de Meriti, RJ; Teatro Rondon Pacheco - Rua Santos Dumont, 517, Centro, Uberlândia, MG; Teatro do Centro de Convivência - Praça Imprensa Fluminense, Cambuí, Campinas, SP; Teatro Cacilda Becker - Praça Samuel Sabatini, 50, Centro, São Bernardo do Campo, SP; Teatro Ouro Verde - Rua Maranhão, 85, Centro, Londrina, PR; Teatro Álvaro de Carvalho - Rua Marechal Guilherme, 26, Centro, Florianópolis, SC; Teatro Carlos Gomes – Rua XV de Novembro, 1181, Centro, Blumenau, SC",Baixo,
1980.06.05,Acervo da Folha de S. Paulo,Folha de S. Paulo,SP,Caderno Ilustrada,4245786.png,"Headline e Shows, Irene Portela",,Show,Projeto Musical Funarte,“Dia de Festa”,,,
1980.06.06,Acervo da Folha de S. Paulo,Folha de S. Paulo,SP,Caderno Ilustrada,4245987.png,"Shows, Irene Portela, centro",,Show,Projeto Musical Funarte,“Dia de Festa”,,,
1980.06.06,Acervo da Folha de S. Paulo,Folha de S. Paulo,SP,Caderno Ilustrada,4245998.png,"As novas cantoras do rádio, Irene Portela",,Show,Projeto Musical Funarte,Propaganda,,,
1980.06.07,Acervo da Folha de S. Paulo,Folha de S. Paulo,SP,Caderno Ilustrada,4246162.png,"Headline e Shows, Irene Portela",,Show,Projeto Musical Funarte,“Dia de Festa”,,,
1980.06.08,Acervo da Folha de S. Paulo,Folha de S. Paulo,SP,Caderno Ilustrada,4246458.png,"Shows, Irene Portela",,Show,Projeto Musical Funarte,"Foto, “Dia de Festa”",,,
1980.06.10,Acervo da Folha de S. Paulo,Folha de S. Paulo,SP,Caderno Ilustrada,4246882.png,"Regional, São João fará a programação Guiomar Novaes",,Show,4a Semana Guiomar Novaes em São João da Boa vista,,,,
1980.06.13,Hemeroteca da Biblioteca Nacional,Jornal do Brasil,RJ,Edição 00066,I0008234-2Alt=002976Lar=001884LargOri=004270AltOri=006744.JPG,"A surpresa é Agnaldo Timóteo, 3o. parágrafo.",I0008234.png,Show,Projeto Pixinguinha,Com Quinteto Violado e Elomar,"Teatro Dulcina - Rua Alcindo Guanabara, 17, Centro, Rio de Janeiro, RJ",Médio,
1980.06.19,Hemeroteca da Biblioteca Nacional,Jornal do Brasil,RJ,Edição 00072,I0008537-2Alt=003015Lar=001884LargOri=004272AltOri=006837.JPG,"Show, Projeto Pixinguinha.",I0008537.png,Show,Projeto Pixinguinha,Com Quinteto Violado e Elomar,"Teatro Dulcina - Rua Alcindo Guanabara, 17, Centro, Rio de Janeiro, RJ",Baixo,
1980.06.20,Hemeroteca da Biblioteca Nacional,Jornal do Brasil,RJ,Edição 00073,I0008587-2Alt=003019Lar=001884LargOri=004268AltOri=006838.JPG,"Show, 1a. coluna de atrações, penúltima atração, Projeto Pixinguinha",I0008587.png,Show,Projeto Pixinguinha,Com Quinteto Violado e Elomar,"Teatro Dulcina - Rua Alcindo Guanabara, 17, Centro, Rio de Janeiro, RJ",Baixo,
1980.06.24,Hemeroteca da Biblioteca Nacional,Jornal do Brasil,RJ,Edição 00077,I0008813-2Alt=002978Lar=001884LargOri=004228AltOri=006682.JPG,"Show, Projeto Pixinguinha.",I0008813.png,Show,Projeto Pixinguinha,Com Quinteto Violado e Elomar,"Teatro Sesc - Av. Automóvel Clube, 66, Centro, São João de Meriti, RJ",Baixo,
1980.06.25,Hemeroteca da Biblioteca Nacional,A Luta Democratica : Um jornal de luta feito por homens que lutam pelos que não podem lutar,RJ,Edição 07963,I0066793-2Alt=002911Lar=001884LargOri=004197AltOri=006484.JPG,"A noite é o espetáculo, 4o. bloco.",I0066793.png,Show,Projeto Pixinguinha,Com Quinteto Violado e Elomar,"Teatro Dulcina - Rua Alcindo Guanabara, 17, Centro, Rio de Janeiro, RJ",Baixo,
1980.06.25,Hemeroteca da Biblioteca Nacional,Jornal do Brasil,RJ,Edição 00078,I0008851-2Alt=002975Lar=001884LargOri=004232AltOri=006683.JPG,"Show, Projeto Pixinguinha.",I0008851.png,Show,Projeto Pixinguinha,Com Quinteto Violado e Elomar,"Teatro Sesc - Av. Automóvel Clube, 66, Centro, São João de Meriti, RJ",Baixo,
1980.06.28,Hemeroteca da Biblioteca Nacional,Diario de Pernambuco,PE,Edição 00172,I0010244-2Alt=002426Lar=001453LargOri=003906AltOri=006521.JPG,Quinteto Violado… 1o parágrafo,I0010244.png,Show,Projeto Pixinguinha,Com Quinteto Violado e Elomar,Região Sul,Baixo,
1980.06.29,Acervo da Folha de S. Paulo,Folha de S. Paulo,SP,Caderno Ilustrada,4320854.png,Projeto Pixinguinha,,Show,Projeto Pixinguinha,Propaganda,,,
1980.06.30,Hemeroteca da Biblioteca Nacional,Jornal do Brasil,RJ,Edição 00083,I0009189-2Alt=002936Lar=001884LargOri=004277AltOri=006664.JPG,"Quixadá já tem a sua cantora de Bossa Nova, 2o. parágrafo.",I0009189.png,Disco,“Equatorial” de Teti,"Crítica do disco da Teti, o autor comenta brevemente sobre a convicção da Irene",,Baixo,
1980.07.24,Acervo da Folha de S. Paulo,Folha de S. Paulo,SP,Caderno Primeiro Caderno,4323880.png,"Shows, 1a coluna, Irene Portela",,Show,Show solo,,,,
1980.07.25,Acervo da Folha de S. Paulo,Folha de S. Paulo,SP,Caderno Primeiro Caderno,4324149.png,"Shows, 2a coluna, Irene Portela",,Show,Show solo,,,,
1980.07.27,Acervo da Folha de S. Paulo,Folha de S. Paulo,SP,Caderno Primeiro Caderno,4324708.png,"Shows, 1a coluna, Irene Portela",,Show,Show solo,,,,
1980.07.28,Hemeroteca da Biblioteca Nacional,Jornal do Brasil,RJ,Edição 00111,I0010629-2Alt=002969Lar=001884LargOri=004279AltOri=006744.JPG,"Teatro, segundo bloco, terceira coluna, Donana.",I0010629.png,Teatro,Três dias para Donana,Donana era um monólogo,"Teatro Leopoldo Fróes – Rua Manoel de Abreu 16, Centro, Niterói, RJ",Baixo,
1980.08.10,Acervo da Folha de S. Paulo,Folha de S. Paulo,SP,Caderno Ilustrada,4258574.png,"Discos/Lançamentos, 2a coluna, centro, Chico Maranhão",,Disco,“Fonte Nova” de Chico Maranhão,,,,
1980.08.15,Acervo da Folha de S. Paulo,Folha de S. Paulo,SP,Caderno Ilustrada,4259170.png,"Shows, 1a coluna, Deo Lopes",,Show,Anuncio do show de Deo Lopes,,,,
1980.08.25,Acervo da Folha de S. Paulo,Folha de S. Paulo,SP,Caderno Primeiro Caderno,4324711.png,"Shows, 1a coluna, Irene Portela",,Show,Projeto Acorde do Teatro do Bexiga,,,,
1980.08.25,Acervo da Folha de S. Paulo,Folha de S. Paulo,SP,Caderno Primeiro Caderno,4324745.png,"Shows, Transe, coração e veneno",,Show,Projeto Acorde do Teatro do Bexiga,,,,
1980.08.26,Acervo da Folha de S. Paulo,Folha de S. Paulo,SP,Caderno Primeiro Caderno,4324955.png,"Shows, 1a coluna, Irene Portela",,Show,Projeto Acorde do Teatro do Bexiga,,,,
1980.09.04,Acervo da Folha de S. Paulo,Folha de S. Paulo,SP,Caderno Ilustrada,4260738.png,"Shows, 1a coluna, Irene Portela",,Show,Show solo,,,,
1980.09.05,Acervo da Folha de S. Paulo,Folha de S. Paulo,SP,Caderno Ilustrada,4260943.png,"Headline e Shows, 1a coluna, Irene Portela",,Show,Show solo,,,,
1980.09.06,Acervo da Folha de S. Paulo,Folha de S. Paulo,SP,Caderno Ilustrada,4261127.png,"Shows, 1a coluna, Irene Portela",,Show,Show solo,,,,
1980.09.09,Acervo da Folha de S. Paulo,Folha de S. Paulo,SP,Caderno Ilustrada,4261927.png,"Maricene grava enfim seu LP, 1o paragrafo e 1o da 2a coluna",,Disco,“Maricene” de Maricene Costa,"“Bailarina”, composição de Irene",,,
1980.09.11,Acervo da Folha de S. Paulo,Folha de S. Paulo,SP,Caderno Ilustrada,4262272.png,"Shows, 1a coluna, Irene Portela",,Show,Show solo,,,,
1980.09.12,Acervo da Folha de S. Paulo,Folha de S. Paulo,SP,Caderno Ilustrada,4262447.png,"Shows, 1a coluna, Irene Portela",,Show,Show solo,,,,
1980.09.13,Acervo da Folha de S. Paulo,Folha de S. Paulo,SP,Caderno Ilustrada,4262593.png,"Shows, 1a coluna, Irene Portela",,Show,Show solo,,,,
1980.11.03,Acervo da Folha de S. Paulo,Folha de S. Paulo,SP,Caderno Ilustrada,4270147.png,"Espetáculos arejados, com Caubi e Matogrosso, final do 2o paragrafo",,Citação,Projeto Musical Funarte,,,,
1980.11.30,Acervo da Folha de S. Paulo,Folha de S. Paulo,SP,Caderno Folhinha,4331237.png,"A “barra” está em cartaz, 6o paragrafo",,Citação,Projeto: Arte Escola Formação e Informação,Teatro Célia Helena,,,
1980.12.08,Acervo da Folha de S. Paulo,Folha de S. Paulo,SP,Caderno Primeiro Caderno,4275602.png,"A temporada nas peruas do SNT, 2a coluna, 2o paragrafo",,Citação,Projeto: Arte Escola Formação e Informação,Teatro Célia Helena,,,
1980.12.19,Acervo da Folha de S. Paulo,Folha de S. Paulo,SP,Caderno Ilustrada,4332316.png,"Shows, 1a coluna, Irene Portela",,Show,Show solo,,,,
1981.01.15,Acervo da Folha de S. Paulo,Folha de S. Paulo,SP,Caderno Ilustrada,4302810.png,"Shows, 1a coluna, Irene Portela",,Show,Show com Eliane Estevão,,,,
1981.01.30,Acervo da Folha de S. Paulo,Folha de S. Paulo,SP,Caderno Ilustrada,4306077.png,"Shows, 1a coluna, Irene Portela",,Show,Show solo,Foto,,,
1981.01.31,Acervo da Folha de S. Paulo,Folha de S. Paulo,SP,Caderno Ilustrada,4306116.png,"Shows, 1a coluna, Irene Portela",,Show,Show solo,,,,
1981.04.01,Acervo da Folha de S. Paulo,Folha de S. Paulo,SP,Caderno Ilustrada,4306366.png,"Shows, 1a coluna, Deo Lopes",,Direção,Anuncio do show de Deo Lopes,,,,
1981.04.02,Acervo da Folha de S. Paulo,Folha de S. Paulo,SP,Caderno Ilustrada,4306716.png,"Shows, 1a coluna no final, Deo Lopes",,Direção,Anuncio do show de Deo Lopes,,,,
1981.04.03,Acervo da Folha de S. Paulo,Folha de S. Paulo,SP,Caderno Ilustrada,4307053.png,"Shows, 2a coluna, Deo Lopes",,Direção,Anuncio do show de Deo Lopes,,,,
1981.04.04,Acervo da Folha de S. Paulo,Folha de S. Paulo,SP,Caderno Ilustrada,4307334.png,"Shows, 2a coluna, Deo Lopes",,Direção,Anuncio do show de Deo Lopes,,,,
1981.04.05,Acervo da Folha de S. Paulo,Folha de S. Paulo,SP,Caderno Ilustrada,4307794.png,"Shows, 2a coluna, Deo Lopes",,Direção,Anuncio do show de Deo Lopes,,,,
1981.04.08,Acervo da Folha de S. Paulo,Folha de S. Paulo,SP,Caderno Ilustrada,4309000.png,"Shows, 1a coluna, Deo Lopes",,Direção,Anuncio do show de Deo Lopes,,,,
1981.04.08,Acervo da Folha de S. Paulo,Folha de S. Paulo,SP,Caderno Ilustrada,4309019.png,Bonecos contam tragedia de Palomares,,Teatro,Palomares,,,,
1981.04.09,Acervo da Folha de S. Paulo,Folha de S. Paulo,SP,Caderno Ilustrada,4309349.png,"Shows, 2a coluna, Deo Lopes",,Direção,Anuncio do show de Deo Lopes,,,,
1981.04.10,Acervo da Folha de S. Paulo,Folha de S. Paulo,SP,Caderno Ilustrada,4309725.png,"Headline, Shows, 1a coluna, Irene Portela",,Show,Show solo,,,,
1981.04.10,Acervo da Folha de S. Paulo,Folha de S. Paulo,SP,Caderno Ilustrada,4309725.png,"Shows, 2a coluna, Deo Lopes",,Direção,Anuncio do show de Deo Lopes,,,,
1981.04.11,Acervo da Folha de S. Paulo,Folha de S. Paulo,SP,Caderno Ilustrada,4310009.png,"Shows, 2a coluna, Deo Lopes",,Direção,Anuncio do show de Deo Lopes,,,,
1981.04.12,Acervo da Folha de S. Paulo,Folha de S. Paulo,SP,Caderno Ilustrada,4310548.png,"Shows, 2a coluna, Deo Lopes",,Direção,Anuncio do show de Deo Lopes,,,,
1981.05.24,Hemeroteca da Biblioteca Nacional,Jornal do Brasil,RJ,Edição 00046,I0025317-20Alt=003009Lar=001884LargOri=004230AltOri=006753.JPG,"O som nosso de cada dia, Pauta Nordestina, 2a. coluna.",I0025317.png,Show,Eliane Estevão,Com Eliane Estevão,"Sala Funarte Sidney Miller - Rua da Imprensa, 16, Centro, Rio de Janeiro, RJ",Médio,
1981.05.25,Hemeroteca da Biblioteca Nacional,Jornal do Brasil,RJ,Edição 00047,I0025408-2Alt=003044Lar=001884LargOri=004243AltOri=006856.JPG,"Show, Sem entusiasmo, 2a. coluna.",I0025408.png,Show,Eliane Estevão,Com Eliane Estevão,"Sala Funarte Sidney Miller - Rua da Imprensa, 16, Centro, Rio de Janeiro, RJ",Médio,
1981.05.26,Hemeroteca da Biblioteca Nacional,Jornal do Brasil,RJ,Edição 00048,I0025468-2Alt=003033Lar=001884LargOri=004182AltOri=006732.JPG,"Show, Irene Portela e Eliana Estevão.",I0025468.png,Show,Eliane Estevão,Com Eliane Estevão,"Sala Funarte Sidney Miller - Rua da Imprensa, 16, Centro, Rio de Janeiro, RJ",Baixo,
1981.05.27,Hemeroteca da Biblioteca Nacional,Jornal do Brasil,RJ,Edição 00049,I0025505-2Alt=003037Lar=001884LargOri=004177AltOri=006734.JPG,"Show, Irene Portela e Eliana Estevão.",I0025505.png,Show,Eliane Estevão,Com Eliane Estevão,"Sala Funarte Sidney Miller - Rua da Imprensa, 16, Centro, Rio de Janeiro, RJ",Baixo,
1981.05.28,Hemeroteca da Biblioteca Nacional,Jornal do Brasil,RJ,Edição 00050,I0025543-2Alt=003041Lar=001884LargOri=004209AltOri=006795.JPG,"Show, 2a. coluna, Irene Portela e Eliana Estevão.",I0025543.png,Show,Eliane Estevão,Com Eliane Estevão,"Sala Funarte Sidney Miller - Rua da Imprensa, 16, Centro, Rio de Janeiro, RJ",Baixo,
1981.05.29,Hemeroteca da Biblioteca Nacional,Jornal do Brasil,RJ,Edição 00051,I0025586-2Alt=003033Lar=001884LargOri=004211AltOri=006778.JPG,"Show, penúltima coluna do lado direito da mão da cantora da foto, Irene Portela e Eliana Estevão.",I0025586.png,Show,Eliane Estevão,Com Eliane Estevão,"Sala Funarte Sidney Miller - Rua da Imprensa, 16, Centro, Rio de Janeiro, RJ",Baixo,
1981.05.30,Hemeroteca da Biblioteca Nacional,Jornal do Brasil,RJ,Edição 00052,I0025618-2Alt=003028Lar=001884LargOri=004216AltOri=006774.JPG,"Show, 3a. coluna, Irene Portela e Eliana Estevão.",I0025618.png,Show,Eliane Estevão,Com Eliane Estevão,"Sala Funarte Sidney Miller - Rua da Imprensa, 16, Centro, Rio de Janeiro, RJ",Baixo,
1981.06.02,Hemeroteca da Biblioteca Nacional,Jornal do Brasil,RJ,Edição 00055,I0025795-2Alt=002941Lar=001884LargOri=004323AltOri=006748.JPG,"Show, 1a. coluna, Irene Portela e Eliana Estevão.",I0025795.png,Show,Eliane Estevão,Com Eliane Estevão,"Sala Funarte Sidney Miller - Rua da Imprensa, 16, Centro, Rio de Janeiro, RJ",Baixo,
1981.06.03,Hemeroteca da Biblioteca Nacional,Jornal do Brasil,RJ,Edição 00056,I0025831-2Alt=002958Lar=001884LargOri=004270AltOri=006706.JPG,"Show, 4a. coluna, Irene Portela e Eliana Estevão.",I0025831.png,Show,Eliane Estevão,Com Eliane Estevão,"Sala Funarte Sidney Miller - Rua da Imprensa, 16, Centro, Rio de Janeiro, RJ",Baixo,
1981.06.04,Hemeroteca da Biblioteca Nacional,Jornal do Brasil,RJ,Edição 00057,I0025870-2Alt=002995Lar=001884LargOri=004310AltOri=006853.JPG,"Show, 3a. coluna, Irene Portela e Eliana Estevão.",I0025870.png,Show,Eliane Estevão,Com Eliane Estevão,"Sala Funarte Sidney Miller - Rua da Imprensa, 16, Centro, Rio de Janeiro, RJ",Baixo,
1981.07.12,Hemeroteca da Biblioteca Nacional,Diário do Paraná: Orgao dos Diários Associados,PR,Edição 07848,I0147429-2Alt=002982Lar=001884LargOri=004354AltOri=006892.JPG,"O bom Carlos Pita, 3a. coluna.",I0147429.png,Disco,“Coração de Indio” de Carlos Pita,"Lançamento do segundo elepê do Carlos Pita com participação especial de Irene na música ""Casa das Flautas""",,Médio,
1981.10.27,Acervo da Folha de S. Paulo,Folha de S. Paulo,SP,Caderno Ilustrada,4208847.png,"Circo Mal-Me-Quer, um novo espaço musical na cidade",,Show,Vozes do Brasil,Premeditando o Breque,,,
1981.10.27,Acervo da Folha de S. Paulo,Folha de S. Paulo,SP,Caderno Ilustrada,4208860.png,"Shows – Teatro, Vozes do Brasil",,Show,Vozes do Brasil,Premeditando o Breque,,,
1981.10.29,Acervo da Folha de S. Paulo,Folha de S. Paulo,SP,Caderno Ilustrada,4209366.png,"Shows – Teatro, Vozes do Brasil",,Show,Vozes do Brasil,Premeditando o Breque,,,
1981.10.30,Acervo da Folha de S. Paulo,Folha de S. Paulo,SP,Caderno Ilustrada,4209601.png,"Shows – Teatro, Vozes do Brasil",,Show,Vozes do Brasil,Premeditando o Breque,,,
1981.11.01,Hemeroteca da Biblioteca Nacional,Jornal do Brasil,RJ,Edição 00207,I0032622-2Alt=002960Lar=001884LargOri=004280AltOri=006724.JPG,"O som nosso de cada dia, Espaços Abertos, 3a. coluna.",I0032622.png,Show,Circo Mal-me-quer,Inauguração do espaço,"Circo Mal-Me-Quer – Praça Roosevelt, São Paulo, SP",Baixo,
1981.12.09,Acervo da Folha de S. Paulo,Folha de S. Paulo,SP,Caderno Ilustrada,4213993.png,"Lançamento, Agenda 1982 – Tempo da Mulher",,Show,"Lançamento do livro “O movimento de mulheres, suas perspectivas”",,,,
1982.03.04,Acervo da Folha de S. Paulo,Folha de S. Paulo,SP,Caderno Ilustrada,4307650.png,Grade com shows,,Show,Mês Musical Elis Regina,,,,
1982.03.06,Hemeroteca da Biblioteca Nacional,Diário do Paraná: Orgao dos Diários Associados,PR,Edição 08044,I0150992-2Alt=002979Lar=001884LargOri=004260AltOri=006736.JPG,"“Donana”, um problema social, 2a. coluna.",I0150992.png,Teatro,Três dias para Donana,Músicas de Irene Portela,"Teatro Guaíra - Rua XV de Novembro, 971, Centro, Curitiba, PR",Médio,
1982.03.14,Acervo da Folha de S. Paulo,Folha de S. Paulo,SP,Caderno Ilustrada,4312052.png,"Shows, Mês Musical Elis Regina",,Show,Mês Musical Elis Regina,,,,
1982.03.22,Acervo da Folha de S. Paulo,Folha de S. Paulo,SP,Caderno Ilustrada,4314237.png,"Discos novos, Tributo a Marcus Pereira",,Citação,“Tributo à Marcus Pereira” de várioa artistas,Lançamento de disco tributo à Marcus Pereira do aniversário de 1 ano de falecimento,,,
1982.03.24,Acervo da Folha de S. Paulo,Folha de S. Paulo,SP,Caderno Ilustrada,4314624.png,"Oito dias com uma dupla de muito respeito, 2o paragrafo",,Direção,Clementina de Jesus e Nelson Cavaquinho,,,,
1983.11.07,Acervo da Folha de S. Paulo,Folha de S. Paulo,SP,Caderno Ilustrada,4212980.png,"Ultima coluna geral, Ana de Hollanda no 150",,Citação,Ana de Hollanda,,,,
1983.11.10,Hemeroteca da Biblioteca Nacional,Diario de Pernambuco,PE,Edição 00310,I0068508-2Alt=002369Lar=001453LargOri=003963AltOri=006460.JPG,"Variedades, item 2",I0068508.png,Show,Ana de Holanda,,,Baixo,
1984.05.10,Acervo da Folha de S. Paulo,Folha de S. Paulo,SP,Caderno Ilustrada,4185893.png,"Shows, centro abaixo",,Show,Show solo,,,,
1984.08.31,Acervo da Folha de S. Paulo,Folha de S. Paulo,SP,Caderno Ilustrada,4210955.png,"Teatro Infantil, Pinocchio, corujas e a natureza, 1 e 2a coluna",,Teatro,Oi vento… tudo bem?,,,,
1985.02.21,Acervo da Folha de S. Paulo,Folha de S. Paulo,SP,Caderno Ilustrada,4139572.png,"Saíram as indicações para o Mambembe 84, Teatro Infantil",,Citação,Mambembe,Indicação com “Oi vento… tudo bem?”,,,
1985.02.28,Acervo da Folha de S. Paulo,Folha de S. Paulo,SP,Caderno Primeiro Caderno,4142768.png,Saíram os premiados do Troféu Mambembe,,Citação,Mambembe,Ganhadora com “Oi vento… tudo bem?”,,,
1985.05.02,Acervo da Folha de S. Paulo,Folha de S. Paulo,SP,Caderno Ilustrada,4280101.png,"Lista do Molière não surpreende, 1o paragrafo",,Citação,Molière,Ganhadora com “Oi vento… tudo bem?”,,,
1985.05.05,Hemeroteca da Biblioteca Nacional,Diário do Pará,PA,Edição 00767,I0007559-2Alt=002054Lar=001453LargOri=003910AltOri=005528.jpg,"Urgentíssimas, 1o item",I0007559.png,Prêmio,Molière 84,"Por “Oi, vento… tudo bem?”",,Baixo,
1985.07.14,Hemeroteca da Biblioteca Nacional,Jornal do Brasil,RJ,Edição 00097,I0099939-2Alt=002898Lar=001884LargOri=004362AltOri=006709.JPG,"A volta dos pioneiros do “Rock-Brasil”, 2a. coluna, último parágrafo.",I0099939.png,Citação,Paulo le Petit,,,Baixo,
1985.07.26,Acervo da Folha de S. Paulo,Folha de S. Paulo,SP,Caderno Ilustrada,4151645.png,"Tavares de Miranda, 1a coluna, 1o paragrafo, Premio Moliere",,Citação,Molière,Ganhadora com “Oi vento… tudo bem?”,,,
1985.09.07,Hemeroteca da Biblioteca Nacional,Diário do Pará,PA,Edição 00873,I0010184-2Alt=002394Lar=001453LargOri=003965AltOri=006534.JPG,"Antenas ligadas, 3a coluna, acima da foto",I0010184.png,Prêmio,Mambembe 84,"Por “Oi, vento… tudo bem?”",,Baixo,
1985.10.09,Hemeroteca da Biblioteca Nacional,Jornal do Brasil,RJ,Edição 00184,I0103599-2Alt=003010Lar=001884LargOri=004214AltOri=006736.JPG,"Zezé e afilhados, coluna da direita.",I0103599.png,Show,Projeto Pixinguinha,Zezé Mota,,Baixo,
1998.12.18,Acervo da Folha de S. Paulo,Folha de S. Paulo,SP,Caderno Guia da Folha,5640978.jpg,"Shows, 3a coluna, Del Lopes",,Citação,Anuncio do show de Deo Lopes,,,,
1999.07.01,Acervo da Folha de S. Paulo,Folha de S. Paulo,SP,Caderno Folha Vale,558716.png,"Mortes, São Paulo, Irene Portela de Miranda",,Citação,Anúncio de falecimento de Irene,,,,
1999.09.17,Acervo da Folha de S. Paulo,Folha de S. Paulo,SP,Caderno Guia da Folha,5584284.jpg,"Shows, 2a coluna, Homenagem a Irene Portela",,Citação,Show de homenagem,,,,
2000.09.15,Acervo da Folha de S. Paulo,Folha de S. Paulo,SP,Caderno Guia da Folha,5589741.jpg,"Shows, 1a coluna final, Luiz Carlos Bahia e Banda Cajarana",,Citação,Luiz Carlos Bahia e Banda Cajarana,,,,
